[debug] [2026-07-23T14:35:30.801Z] ----------------------------------------------------------------------
[debug] [2026-07-23T14:35:30.804Z] Command:       C:\Program Files\nodejs\node.exe C:\Users\Pato\AppData\Roaming\npm\node_modules\firebase-tools\lib\bin\firebase.js deploy --only functions --debug
[debug] [2026-07-23T14:35:30.804Z] CLI Version:   15.1.0
[debug] [2026-07-23T14:35:30.804Z] Platform:      win32
[debug] [2026-07-23T14:35:30.804Z] Node Version:  v24.12.0
[debug] [2026-07-23T14:35:30.805Z] Time:          Thu Jul 23 2026 10:35:30 GMT-0400 (hora estándar de Chile)
[debug] [2026-07-23T14:35:30.805Z] ----------------------------------------------------------------------
[debug] 
[debug] [2026-07-23T14:35:32.585Z] > command requires scopes: ["email","openid","https://www.googleapis.com/auth/cloudplatformprojects.readonly","https://www.googleapis.com/auth/firebase","https://www.googleapis.com/auth/cloud-platform"]
[debug] [2026-07-23T14:35:32.586Z] > authorizing via signed-in user (ps.patriciorubilar@gmail.com)
[debug] [2026-07-23T14:35:32.586Z] [iam] checking project app-imed-sport for permissions ["cloudfunctions.functions.create","cloudfunctions.functions.delete","cloudfunctions.functions.get","cloudfunctions.functions.list","cloudfunctions.functions.update","cloudfunctions.operations.get","firebase.projects.get"]
[debug] [2026-07-23T14:35:32.588Z] Checked if tokens are valid: true, expires at: 1784820731661
[debug] [2026-07-23T14:35:32.588Z] Checked if tokens are valid: true, expires at: 1784820731661
[debug] [2026-07-23T14:35:32.589Z] >>> [apiv2][query] POST https://cloudresourcemanager.googleapis.com/v1/projects/app-imed-sport:testIamPermissions [none]
[debug] [2026-07-23T14:35:32.589Z] >>> [apiv2][(partial)header] POST https://cloudresourcemanager.googleapis.com/v1/projects/app-imed-sport:testIamPermissions x-goog-quota-user=projects/app-imed-sport
[debug] [2026-07-23T14:35:32.589Z] >>> [apiv2][body] POST https://cloudresourcemanager.googleapis.com/v1/projects/app-imed-sport:testIamPermissions {"permissions":["cloudfunctions.functions.create","cloudfunctions.functions.delete","cloudfunctions.functions.get","cloudfunctions.functions.list","cloudfunctions.functions.update","cloudfunctions.operations.get","firebase.projects.get"]}
[debug] [2026-07-23T14:35:37.165Z] <<< [apiv2][status] POST https://cloudresourcemanager.googleapis.com/v1/projects/app-imed-sport:testIamPermissions 200
[debug] [2026-07-23T14:35:37.165Z] <<< [apiv2][body] POST https://cloudresourcemanager.googleapis.com/v1/projects/app-imed-sport:testIamPermissions {"permissions":["cloudfunctions.functions.create","cloudfunctions.functions.delete","cloudfunctions.functions.get","cloudfunctions.functions.list","cloudfunctions.functions.update","cloudfunctions.operations.get","firebase.projects.get"]}
[debug] [2026-07-23T14:35:37.166Z] Checked if tokens are valid: true, expires at: 1784820731661
[debug] [2026-07-23T14:35:37.166Z] Checked if tokens are valid: true, expires at: 1784820731661
[debug] [2026-07-23T14:35:37.166Z] >>> [apiv2][query] POST https://iam.googleapis.com/v1/projects/app-imed-sport/serviceAccounts/app-imed-sport@appspot.gserviceaccount.com:testIamPermissions [none]
[debug] [2026-07-23T14:35:37.166Z] >>> [apiv2][body] POST https://iam.googleapis.com/v1/projects/app-imed-sport/serviceAccounts/app-imed-sport@appspot.gserviceaccount.com:testIamPermissions {"permissions":["iam.serviceAccounts.actAs"]}
[debug] [2026-07-23T14:35:41.189Z] <<< [apiv2][status] POST https://iam.googleapis.com/v1/projects/app-imed-sport/serviceAccounts/app-imed-sport@appspot.gserviceaccount.com:testIamPermissions 200
[debug] [2026-07-23T14:35:41.189Z] <<< [apiv2][body] POST https://iam.googleapis.com/v1/projects/app-imed-sport/serviceAccounts/app-imed-sport@appspot.gserviceaccount.com:testIamPermissions {"permissions":["iam.serviceAccounts.actAs"]}
[info] 
[info] === Deploying to 'app-imed-sport'...
[info] 
[info] i  deploying functions 
[debug] [2026-07-23T14:35:41.194Z] Checked if tokens are valid: true, expires at: 1784820731661
[debug] [2026-07-23T14:35:41.194Z] Checked if tokens are valid: true, expires at: 1784820731661
[debug] [2026-07-23T14:35:41.194Z] >>> [apiv2][query] GET https://cloudresourcemanager.googleapis.com/v1/projects/app-imed-sport [none]
[debug] [2026-07-23T14:35:41.434Z] <<< [apiv2][status] GET https://cloudresourcemanager.googleapis.com/v1/projects/app-imed-sport 200
[debug] [2026-07-23T14:35:41.434Z] <<< [apiv2][body] GET https://cloudresourcemanager.googleapis.com/v1/projects/app-imed-sport {"projectNumber":"300860465249","projectId":"app-imed-sport","lifecycleState":"ACTIVE","name":"app imed sport","labels":{"firebase":"enabled","firebase-core":"disabled"},"createTime":"2026-05-06T14:08:37.996Z"}
[info] i  functions: preparing codebase default for deployment 
[info] i  functions: ensuring required API cloudfunctions.googleapis.com is enabled... 
[info] i  functions: ensuring required API cloudbuild.googleapis.com is enabled... 
[info] i  artifactregistry: ensuring required API artifactregistry.googleapis.com is enabled... 
[debug] [2026-07-23T14:35:41.437Z] Checked if tokens are valid: true, expires at: 1784820731661
[debug] [2026-07-23T14:35:41.437Z] Checked if tokens are valid: true, expires at: 1784820731661
[debug] [2026-07-23T14:35:41.437Z] >>> [apiv2][query] GET https://firebase.googleapis.com/v1beta1/projects/app-imed-sport/adminSdkConfig [none]
[debug] [2026-07-23T14:35:42.405Z] <<< [apiv2][status] GET https://firebase.googleapis.com/v1beta1/projects/app-imed-sport/adminSdkConfig 200
[debug] [2026-07-23T14:35:42.405Z] <<< [apiv2][body] GET https://firebase.googleapis.com/v1beta1/projects/app-imed-sport/adminSdkConfig {"projectId":"app-imed-sport","storageBucket":"app-imed-sport.firebasestorage.app"}
[debug] [2026-07-23T14:35:42.405Z] Checked if tokens are valid: true, expires at: 1784820731661
[debug] [2026-07-23T14:35:42.406Z] Checked if tokens are valid: true, expires at: 1784820731661
[debug] [2026-07-23T14:35:42.406Z] >>> [apiv2][query] GET https://runtimeconfig.googleapis.com/v1beta1/projects/app-imed-sport/configs [none]
[debug] [2026-07-23T14:35:50.272Z] <<< [apiv2][status] GET https://runtimeconfig.googleapis.com/v1beta1/projects/app-imed-sport/configs 200
[debug] [2026-07-23T14:35:50.272Z] <<< [apiv2][body] GET https://runtimeconfig.googleapis.com/v1beta1/projects/app-imed-sport/configs {}
[debug] [2026-07-23T14:35:50.274Z] Customer code is not Node
[debug] [2026-07-23T14:35:50.275Z] Validating python source
[debug] [2026-07-23T14:35:50.275Z] Building python source
[info] i  functions: Loading and analyzing source code for codebase default to determine what to deploy 
[debug] [2026-07-23T14:35:50.276Z] Could not find functions.yaml. Must use http discovery
[debug] [2026-07-23T14:35:50.284Z] Running command with virtualenv: command="C:\Users\Pato\Desktop\proyectos\IMED PREDICTOR\functions\venv\Scripts\activate.bat", args=["","&&","python.exe","-c","\"import firebase_functions; import os; print(os.path.dirname(firebase_functions.__file__))\""]
[debug] [2026-07-23T14:35:50.474Z] stdout: C:\Users\Pato\Desktop\proyectos\IMED PREDICTOR\functions\venv\Lib\site-packages\firebase_functions

[debug] [2026-07-23T14:35:50.485Z] Running admin server with args: ["python.exe","\"C:\\Users\\Pato\\Desktop\\proyectos\\IMED PREDICTOR\\functions\\venv\\Lib\\site-packages\\firebase_functions\\private\\serving.py\""] and env: {"FIREBASE_CONFIG":"{\"projectId\":\"app-imed-sport\",\"storageBucket\":\"app-imed-sport.firebasestorage.app\"}","GCLOUD_PROJECT":"app-imed-sport","GOOGLE_CLOUD_QUOTA_PROJECT":"app-imed-sport","ADMIN_PORT":"8081"} in C:\Users\Pato\Desktop\proyectos\IMED PREDICTOR\functions
[debug] [2026-07-23T14:35:50.486Z] Running command with virtualenv: command="C:\Users\Pato\Desktop\proyectos\IMED PREDICTOR\functions\venv\Scripts\activate.bat", args=["","&&","python.exe","\"C:\\Users\\Pato\\Desktop\\proyectos\\IMED PREDICTOR\\functions\\venv\\Lib\\site-packages\\firebase_functions\\private\\serving.py\""]
[info]  * Serving Flask app 'serving'
 * Debug mode: off

[error] WARNING: This is a development server. Do not use it in a production deployment. Use a production WSGI server instead.
 * Running on http://127.0.0.1:8081

[error] Press CTRL+C to quit

[error] 127.0.0.1 - - [23/Jul/2026 10:35:51] "GET /__/functions.yaml HTTP/1.1" 200 -

[debug] [2026-07-23T14:35:51.896Z] Got response from /__/functions.yaml endpoints:
  auto_sync_to_dashboard:
    availableMemoryMb: 512
    concurrency: null
    cpu: gcf_gen1
    entryPoint: auto_sync_to_dashboard
    eventTrigger:
      eventFilterPathPatterns:
        document: athletes/{athlete_id}/measurements/{measurement_id}
      eventFilters:
        database: (default)
        namespace: (default)
      eventType: google.cloud.firestore.document.v1.created
      retry: false
    ingressSettings: null
    labels: {}
    maxInstances: null
    minInstances: null
    platform: gcfv2
    region:
    - us-central1
    secretEnvironmentVariables: []
    serviceAccountEmail: null
    timeoutSeconds: 60
  check_expired_subscriptions:
    availableMemoryMb: 512
    concurrency: null
    cpu: gcf_gen1
    entryPoint: check_expired_subscriptions
    ingressSettings: null
    labels: {}
    maxInstances: null
    minInstances: null
    platform: gcfv2
    region:
    - us-central1
    scheduleTrigger:
      retryConfig: {}
      schedule: every 24 hours
    secretEnvironmentVariables: []
    serviceAccountEmail: null
    timeoutSeconds: 60
  create_dashboard_user:
    availableMemoryMb: 512
    callableTrigger: {}
    concurrency: null
    cpu: gcf_gen1
    entryPoint: create_dashboard_user
    ingressSettings: null
    labels:
      deployment-callable: 'true'
    maxInstances: null
    minInstances: null
    platform: gcfv2
    region:
    - us-central1
    secretEnvironmentVariables: []
    serviceAccountEmail: null
    timeoutSeconds: 60
  create_subscription:
    availableMemoryMb: 512
    callableTrigger: {}
    concurrency: null
    cpu: gcf_gen1
    entryPoint: create_subscription
    ingressSettings: null
    labels:
      deployment-callable: 'true'
    maxInstances: null
    minInstances: null
    platform: gcfv2
    region:
    - us-central1
    secretEnvironmentVariables: []
    serviceAccountEmail: null
    timeoutSeconds: 60
  deduplicate_athlete_measurements:
    availableMemoryMb: 512
    callableTrigger: {}
    concurrency: null
    cpu: gcf_gen1
    entryPoint: deduplicate_athlete_measurements
    ingressSettings: null
    labels:
      deployment-callable: 'true'
    maxInstances: null
    minInstances: null
    platform: gcfv2
    region:
    - us-central1
    secretEnvironmentVariables: []
    serviceAccountEmail: null
    timeoutSeconds: 60
  delete_dashboard_user:
    availableMemoryMb: 512
    callableTrigger: {}
    concurrency: null
    cpu: gcf_gen1
    entryPoint: delete_dashboard_user
    ingressSettings: null
    labels:
      deployment-callable: 'true'
    maxInstances: null
    minInstances: null
    platform: gcfv2
    region:
    - us-central1
    secretEnvironmentVariables: []
    serviceAccountEmail: null
    timeoutSeconds: 60
  force_sync_athlete:
    availableMemoryMb: 512
    callableTrigger: {}
    concurrency: null
    cpu: gcf_gen1
    entryPoint: force_sync_athlete
    ingressSettings: null
    labels:
      deployment-callable: 'true'
    maxInstances: null
    minInstances: null
    platform: gcfv2
    region:
    - us-central1
    secretEnvironmentVariables: []
    serviceAccountEmail: null
    timeoutSeconds: 60
  list_dashboard_users:
    availableMemoryMb: 512
    callableTrigger: {}
    concurrency: null
    cpu: gcf_gen1
    entryPoint: list_dashboard_users
    ingressSettings: null
    labels:
      deployment-callable: 'true'
    maxInstances: null
    minInstances: null
    platform: gcfv2
    region:
    - us-central1
    secretEnvironmentVariables: []
    serviceAccountEmail: null
    timeoutSeconds: 60
  manual_register:
    availableMemoryMb: 512
    callableTrigger: {}
    concurrency: null
    cpu: gcf_gen1
    entryPoint: manual_register
    ingressSettings: null
    labels:
      deployment-callable: 'true'
    maxInstances: null
    minInstances: null
    platform: gcfv2
    region:
    - us-central1
    secretEnvironmentVariables: []
    serviceAccountEmail: null
    timeoutSeconds: 60
  process_gps_csv:
    availableMemoryMb: 512
    callableTrigger: {}
    concurrency: null
    cpu: gcf_gen1
    entryPoint: process_gps_csv
    ingressSettings: null
    labels:
      deployment-callable: 'true'
    maxInstances: null
    minInstances: null
    platform: gcfv2
    region:
    - us-central1
    secretEnvironmentVariables: []
    serviceAccountEmail: null
    timeoutSeconds: 60
  sync_athlete_history:
    availableMemoryMb: 512
    callableTrigger: {}
    concurrency: null
    cpu: gcf_gen1
    entryPoint: sync_athlete_history
    ingressSettings: null
    labels:
      deployment-callable: 'true'
    maxInstances: null
    minInstances: null
    platform: gcfv2
    region:
    - us-central1
    secretEnvironmentVariables: []
    serviceAccountEmail: null
    timeoutSeconds: 60
  update_dashboard_user_team:
    availableMemoryMb: 512
    callableTrigger: {}
    concurrency: null
    cpu: gcf_gen1
    entryPoint: update_dashboard_user_team
    ingressSettings: null
    labels:
      deployment-callable: 'true'
    maxInstances: null
    minInstances: null
    platform: gcfv2
    region:
    - us-central1
    secretEnvironmentVariables: []
    serviceAccountEmail: null
    timeoutSeconds: 60
  update_subscription_status:
    availableMemoryMb: 512
    callableTrigger: {}
    concurrency: null
    cpu: gcf_gen1
    entryPoint: update_subscription_status
    ingressSettings: null
    labels:
      deployment-callable: 'true'
    maxInstances: null
    minInstances: null
    platform: gcfv2
    region:
    - us-central1
    secretEnvironmentVariables: []
    serviceAccountEmail: null
    timeoutSeconds: 60
params: []
requiredAPIs:
- api: cloudscheduler.googleapis.com
  reason: Needed for scheduled functions.
specVersion: v1alpha1

[error] 127.0.0.1 - - [23/Jul/2026 10:35:51] "GET /__/quitquitquit HTTP/1.1" 200 -

[info] i  functions: preparing functions directory for uploading... 
[info] i  functions: packaged C:\Users\Pato\Desktop\proyectos\IMED PREDICTOR\functions (74.92 KB) for uploading 
[debug] [2026-07-23T14:35:51.984Z] Checked if tokens are valid: true, expires at: 1784820731661
[debug] [2026-07-23T14:35:51.984Z] Checked if tokens are valid: true, expires at: 1784820731661
[debug] [2026-07-23T14:35:51.984Z] >>> [apiv2][query] GET https://cloudfunctions.googleapis.com/v1/projects/app-imed-sport/locations/-/functions [none]
[debug] [2026-07-23T14:35:53.772Z] <<< [apiv2][status] GET https://cloudfunctions.googleapis.com/v1/projects/app-imed-sport/locations/-/functions 200
[debug] [2026-07-23T14:35:53.772Z] <<< [apiv2][body] GET https://cloudfunctions.googleapis.com/v1/projects/app-imed-sport/locations/-/functions {}
[debug] [2026-07-23T14:35:53.772Z] Checked if tokens are valid: true, expires at: 1784820731661
[debug] [2026-07-23T14:35:53.772Z] Checked if tokens are valid: true, expires at: 1784820731661
[debug] [2026-07-23T14:35:53.772Z] >>> [apiv2][query] GET https://cloudfunctions.googleapis.com/v2/projects/app-imed-sport/locations/-/functions filter=environment%3D%22GEN_2%22
[debug] [2026-07-23T14:35:55.157Z] <<< [apiv2][status] GET https://cloudfunctions.googleapis.com/v2/projects/app-imed-sport/locations/-/functions 200
[debug] [2026-07-23T14:35:55.158Z] <<< [apiv2][body] GET https://cloudfunctions.googleapis.com/v2/projects/app-imed-sport/locations/-/functions {"functions":[{"name":"projects/app-imed-sport/locations/us-central1/functions/auto_sync_to_dashboard","buildConfig":{"build":"projects/300860465249/locations/us-central1/builds/db4e2f17-f047-43e2-b87f-59a31031e742","runtime":"python313","entryPoint":"auto_sync_to_dashboard","source":{"storageSource":{"bucket":"gcf-v2-sources-300860465249-us-central1","object":"auto_sync_to_dashboard/function-source.zip","generation":"1784778586155596"}},"environmentVariables":{"GOOGLE_NODE_RUN_SCRIPTS":""},"dockerRepository":"projects/app-imed-sport/locations/us-central1/repositories/gcf-artifacts","sourceProvenance":{"resolvedStorageSource":{"bucket":"gcf-v2-sources-300860465249-us-central1","object":"auto_sync_to_dashboard/function-source.zip","generation":"1784778586155596"}},"dockerRegistry":"ARTIFACT_REGISTRY","serviceAccount":"projects/app-imed-sport/serviceAccounts/300860465249-compute@developer.gserviceaccount.com","automaticUpdatePolicy":{}},"serviceConfig":{"service":"projects/app-imed-sport/locations/us-central1/services/auto-sync-to-dashboard","timeoutSeconds":60,"environmentVariables":{"FIREBASE_CONFIG":"{\"projectId\":\"app-imed-sport\",\"storageBucket\":\"app-imed-sport.firebasestorage.app\"}","GCLOUD_PROJECT":"app-imed-sport","EVENTARC_CLOUD_EVENT_SOURCE":"projects/app-imed-sport/locations/us-central1/services/auto_sync_to_dashboard","FUNCTION_SIGNATURE_TYPE":"cloudevent","FUNCTION_TARGET":"auto_sync_to_dashboard","LOG_EXECUTION_ID":"true"},"maxInstanceCount":60,"ingressSettings":"ALLOW_ALL","uri":"https://auto-sync-to-dashboard-6kx3cajifq-uc.a.run.app","serviceAccountEmail":"300860465249-compute@developer.gserviceaccount.com","availableMemory":"512Mi","allTrafficOnLatestRevision":true,"revision":"auto-sync-to-dashboard-00013-xax","maxInstanceRequestConcurrency":1,"availableCpu":"0.3333"},"eventTrigger":{"trigger":"projects/app-imed-sport/locations/nam5/triggers/auto-sync-to-dashboard-873850","triggerRegion":"nam5","eventType":"google.cloud.firestore.document.v1.created","eventFilters":[{"attribute":"database","value":"(default)"},{"attribute":"namespace","value":"(default)"},{"attribute":"document","value":"athletes/{athlete_id}/measurements/{measurement_id}","operator":"match-path-pattern"}],"pubsubTopic":"projects/app-imed-sport/topics/eventarc-nam5-auto-sync-to-dashboard-873850-659","serviceAccountEmail":"300860465249-compute@developer.gserviceaccount.com","retryPolicy":"RETRY_POLICY_DO_NOT_RETRY"},"state":"ACTIVE","updateTime":"2026-07-23T03:51:45.670257428Z","labels":{"deployment-tool":"cli-firebase","firebase-functions-hash":"eeddb2bd65f862a24ec54b020191c72ba739acba"},"environment":"GEN_2","url":"https://us-central1-app-imed-sport.cloudfunctions.net/auto_sync_to_dashboard","createTime":"2026-05-13T14:49:08.980402409Z","satisfiesPzi":true},{"name":"projects/app-imed-sport/locations/us-central1/functions/force_sync_athlete","buildConfig":{"build":"projects/300860465249/locations/us-central1/builds/24fdb229-8bb9-48fd-a10c-16582f3bd75b","runtime":"python313","entryPoint":"force_sync_athlete","source":{"storageSource":{"bucket":"gcf-v2-sources-300860465249-us-central1","object":"force_sync_athlete/function-source.zip","generation":"1784778586261069"}},"environmentVariables":{"GOOGLE_NODE_RUN_SCRIPTS":""},"dockerRepository":"projects/app-imed-sport/locations/us-central1/repositories/gcf-artifacts","sourceProvenance":{"resolvedStorageSource":{"bucket":"gcf-v2-sources-300860465249-us-central1","object":"force_sync_athlete/function-source.zip","generation":"1784778586261069"}},"dockerRegistry":"ARTIFACT_REGISTRY","serviceAccount":"projects/app-imed-sport/serviceAccounts/300860465249-compute@developer.gserviceaccount.com","automaticUpdatePolicy":{}},"serviceConfig":{"service":"projects/app-imed-sport/locations/us-central1/services/force-sync-athlete","timeoutSeconds":60,"environmentVariables":{"FIREBASE_CONFIG":"{\"projectId\":\"app-imed-sport\",\"storageBucket\":\"app-imed-sport.firebasestorage.app\"}","GCLOUD_PROJECT":"app-imed-sport","EVENTARC_CLOUD_EVENT_SOURCE":"projects/app-imed-sport/locations/us-central1/services/force_sync_athlete","FUNCTION_TARGET":"force_sync_athlete","LOG_EXECUTION_ID":"true"},"maxInstanceCount":60,"ingressSettings":"ALLOW_ALL","uri":"https://force-sync-athlete-6kx3cajifq-uc.a.run.app","serviceAccountEmail":"300860465249-compute@developer.gserviceaccount.com","availableMemory":"512Mi","allTrafficOnLatestRevision":true,"revision":"force-sync-athlete-00014-soq","maxInstanceRequestConcurrency":1,"availableCpu":"0.3333"},"state":"ACTIVE","updateTime":"2026-07-23T03:51:45.565482133Z","labels":{"deployment-tool":"cli-firebase","firebase-functions-hash":"eeddb2bd65f862a24ec54b020191c72ba739acba","deployment-callable":"true"},"environment":"GEN_2","url":"https://us-central1-app-imed-sport.cloudfunctions.net/force_sync_athlete","createTime":"2026-05-13T14:47:06.449927692Z","satisfiesPzi":true},{"name":"projects/app-imed-sport/locations/us-central1/functions/update_subscription_status","buildConfig":{"build":"projects/300860465249/locations/us-central1/builds/d6cd2205-23f8-490b-9f42-eda170b695da","runtime":"python313","entryPoint":"update_subscription_status","source":{"storageSource":{"bucket":"gcf-v2-sources-300860465249-us-central1","object":"update_subscription_status/function-source.zip","generation":"1784778586178860"}},"environmentVariables":{"GOOGLE_NODE_RUN_SCRIPTS":""},"dockerRepository":"projects/app-imed-sport/locations/us-central1/repositories/gcf-artifacts","sourceProvenance":{"resolvedStorageSource":{"bucket":"gcf-v2-sources-300860465249-us-central1","object":"update_subscription_status/function-source.zip","generation":"1784778586178860"}},"dockerRegistry":"ARTIFACT_REGISTRY","serviceAccount":"projects/app-imed-sport/serviceAccounts/300860465249-compute@developer.gserviceaccount.com","automaticUpdatePolicy":{}},"serviceConfig":{"service":"projects/app-imed-sport/locations/us-central1/services/update-subscription-status","timeoutSeconds":60,"environmentVariables":{"FIREBASE_CONFIG":"{\"projectId\":\"app-imed-sport\",\"storageBucket\":\"app-imed-sport.firebasestorage.app\"}","GCLOUD_PROJECT":"app-imed-sport","EVENTARC_CLOUD_EVENT_SOURCE":"projects/app-imed-sport/locations/us-central1/services/update_subscription_status","FUNCTION_TARGET":"update_subscription_status","LOG_EXECUTION_ID":"true"},"maxInstanceCount":60,"ingressSettings":"ALLOW_ALL","uri":"https://update-subscription-status-6kx3cajifq-uc.a.run.app","serviceAccountEmail":"300860465249-compute@developer.gserviceaccount.com","availableMemory":"512Mi","allTrafficOnLatestRevision":true,"revision":"update-subscription-status-00002-jum","maxInstanceRequestConcurrency":1,"availableCpu":"0.3333"},"state":"ACTIVE","updateTime":"2026-07-23T03:51:46.430950903Z","labels":{"deployment-tool":"cli-firebase","firebase-functions-hash":"eeddb2bd65f862a24ec54b020191c72ba739acba","deployment-callable":"true"},"environment":"GEN_2","url":"https://us-central1-app-imed-sport.cloudfunctions.net/update_subscription_status","createTime":"2026-07-21T20:03:07.391819748Z","satisfiesPzi":true},{"name":"projects/app-imed-sport/locations/us-central1/functions/manual_register","buildConfig":{"build":"projects/300860465249/locations/us-central1/builds/991f0cb9-4678-4930-af96-b3716a51d153","runtime":"python313","entryPoint":"manual_register","source":{"storageSource":{"bucket":"gcf-v2-sources-300860465249-us-central1","object":"manual_register/function-source.zip","generation":"1784778586138515"}},"environmentVariables":{"GOOGLE_NODE_RUN_SCRIPTS":""},"dockerRepository":"projects/app-imed-sport/locations/us-central1/repositories/gcf-artifacts","sourceProvenance":{"resolvedStorageSource":{"bucket":"gcf-v2-sources-300860465249-us-central1","object":"manual_register/function-source.zip","generation":"1784778586138515"}},"dockerRegistry":"ARTIFACT_REGISTRY","serviceAccount":"projects/app-imed-sport/serviceAccounts/300860465249-compute@developer.gserviceaccount.com","automaticUpdatePolicy":{}},"serviceConfig":{"service":"projects/app-imed-sport/locations/us-central1/services/manual-register","timeoutSeconds":60,"environmentVariables":{"FIREBASE_CONFIG":"{\"projectId\":\"app-imed-sport\",\"storageBucket\":\"app-imed-sport.firebasestorage.app\"}","GCLOUD_PROJECT":"app-imed-sport","EVENTARC_CLOUD_EVENT_SOURCE":"projects/app-imed-sport/locations/us-central1/services/manual_register","FUNCTION_TARGET":"manual_register","LOG_EXECUTION_ID":"true"},"maxInstanceCount":60,"ingressSettings":"ALLOW_ALL","uri":"https://manual-register-6kx3cajifq-uc.a.run.app","serviceAccountEmail":"300860465249-compute@developer.gserviceaccount.com","availableMemory":"512Mi","allTrafficOnLatestRevision":true,"revision":"manual-register-00010-jam","maxInstanceRequestConcurrency":1,"availableCpu":"0.3333"},"state":"ACTIVE","updateTime":"2026-07-23T03:51:48.509524969Z","labels":{"firebase-functions-hash":"eeddb2bd65f862a24ec54b020191c72ba739acba","deployment-callable":"true","deployment-tool":"cli-firebase"},"environment":"GEN_2","url":"https://us-central1-app-imed-sport.cloudfunctions.net/manual_register","createTime":"2026-06-18T15:53:13.027915472Z","satisfiesPzi":true},{"name":"projects/app-imed-sport/locations/us-central1/functions/delete_dashboard_user","buildConfig":{"build":"projects/300860465249/locations/us-central1/builds/2c8e80d7-ff6c-43f5-8309-a3f7b2ae3185","runtime":"python313","entryPoint":"delete_dashboard_user","source":{"storageSource":{"bucket":"gcf-v2-sources-300860465249-us-central1","object":"delete_dashboard_user/function-source.zip","generation":"1784778586239958"}},"environmentVariables":{"GOOGLE_NODE_RUN_SCRIPTS":""},"dockerRepository":"projects/app-imed-sport/locations/us-central1/repositories/gcf-artifacts","sourceProvenance":{"resolvedStorageSource":{"bucket":"gcf-v2-sources-300860465249-us-central1","object":"delete_dashboard_user/function-source.zip","generation":"1784778586239958"}},"dockerRegistry":"ARTIFACT_REGISTRY","serviceAccount":"projects/app-imed-sport/serviceAccounts/300860465249-compute@developer.gserviceaccount.com","automaticUpdatePolicy":{}},"serviceConfig":{"service":"projects/app-imed-sport/locations/us-central1/services/delete-dashboard-user","timeoutSeconds":60,"environmentVariables":{"FIREBASE_CONFIG":"{\"projectId\":\"app-imed-sport\",\"storageBucket\":\"app-imed-sport.firebasestorage.app\"}","GCLOUD_PROJECT":"app-imed-sport","EVENTARC_CLOUD_EVENT_SOURCE":"projects/app-imed-sport/locations/us-central1/services/delete_dashboard_user","FUNCTION_TARGET":"delete_dashboard_user","LOG_EXECUTION_ID":"true"},"maxInstanceCount":60,"ingressSettings":"ALLOW_ALL","uri":"https://delete-dashboard-user-6kx3cajifq-uc.a.run.app","serviceAccountEmail":"300860465249-compute@developer.gserviceaccount.com","availableMemory":"512Mi","allTrafficOnLatestRevision":true,"revision":"delete-dashboard-user-00009-kim","maxInstanceRequestConcurrency":1,"availableCpu":"0.3333"},"state":"ACTIVE","updateTime":"2026-07-23T03:51:45.569365034Z","labels":{"deployment-tool":"cli-firebase","firebase-functions-hash":"eeddb2bd65f862a24ec54b020191c72ba739acba","deployment-callable":"true"},"environment":"GEN_2","url":"https://us-central1-app-imed-sport.cloudfunctions.net/delete_dashboard_user","createTime":"2026-06-18T16:37:38.342646796Z","satisfiesPzi":true},{"name":"projects/app-imed-sport/locations/us-central1/functions/sync_athlete_history","buildConfig":{"build":"projects/300860465249/locations/us-central1/builds/1757c97a-8289-4b92-b586-b961930d6e06","runtime":"python313","entryPoint":"sync_athlete_history","source":{"storageSource":{"bucket":"gcf-v2-sources-300860465249-us-central1","object":"sync_athlete_history/function-source.zip","generation":"1784778586362819"}},"environmentVariables":{"GOOGLE_NODE_RUN_SCRIPTS":""},"dockerRepository":"projects/app-imed-sport/locations/us-central1/repositories/gcf-artifacts","sourceProvenance":{"resolvedStorageSource":{"bucket":"gcf-v2-sources-300860465249-us-central1","object":"sync_athlete_history/function-source.zip","generation":"1784778586362819"}},"dockerRegistry":"ARTIFACT_REGISTRY","serviceAccount":"projects/app-imed-sport/serviceAccounts/300860465249-compute@developer.gserviceaccount.com","automaticUpdatePolicy":{}},"serviceConfig":{"service":"projects/app-imed-sport/locations/us-central1/services/sync-athlete-history","timeoutSeconds":60,"environmentVariables":{"FIREBASE_CONFIG":"{\"projectId\":\"app-imed-sport\",\"storageBucket\":\"app-imed-sport.firebasestorage.app\"}","GCLOUD_PROJECT":"app-imed-sport","EVENTARC_CLOUD_EVENT_SOURCE":"projects/app-imed-sport/locations/us-central1/services/sync_athlete_history","FUNCTION_TARGET":"sync_athlete_history","LOG_EXECUTION_ID":"true"},"maxInstanceCount":60,"ingressSettings":"ALLOW_ALL","uri":"https://sync-athlete-history-6kx3cajifq-uc.a.run.app","serviceAccountEmail":"300860465249-compute@developer.gserviceaccount.com","availableMemory":"512Mi","allTrafficOnLatestRevision":true,"revision":"sync-athlete-history-00012-pak","maxInstanceRequestConcurrency":1,"availableCpu":"0.3333"},"state":"ACTIVE","updateTime":"2026-07-23T03:51:47.093112269Z","labels":{"deployment-callable":"true","deployment-tool":"cli-firebase","firebase-functions-hash":"eeddb2bd65f862a24ec54b020191c72ba739acba"},"environment":"GEN_2","url":"https://us-central1-app-imed-sport.cloudfunctions.net/sync_athlete_history","createTime":"2026-06-12T03:04:05.231508655Z","satisfiesPzi":true},{"name":"projects/app-imed-sport/locations/us-central1/functions/check_expired_subscriptions","buildConfig":{"build":"projects/300860465249/locations/us-central1/builds/490fef62-776d-4b66-a6a4-9afbf3e9b2df","runtime":"python313","entryPoint":"check_expired_subscriptions","source":{"storageSource":{"bucket":"gcf-v2-sources-300860465249-us-central1","object":"check_expired_subscriptions/function-source.zip","generation":"1784778586298543"}},"environmentVariables":{"GOOGLE_NODE_RUN_SCRIPTS":""},"dockerRepository":"projects/app-imed-sport/locations/us-central1/repositories/gcf-artifacts","sourceProvenance":{"resolvedStorageSource":{"bucket":"gcf-v2-sources-300860465249-us-central1","object":"check_expired_subscriptions/function-source.zip","generation":"1784778586298543"}},"dockerRegistry":"ARTIFACT_REGISTRY","serviceAccount":"projects/app-imed-sport/serviceAccounts/300860465249-compute@developer.gserviceaccount.com","automaticUpdatePolicy":{}},"serviceConfig":{"service":"projects/app-imed-sport/locations/us-central1/services/check-expired-subscriptions","timeoutSeconds":60,"environmentVariables":{"FIREBASE_CONFIG":"{\"projectId\":\"app-imed-sport\",\"storageBucket\":\"app-imed-sport.firebasestorage.app\"}","GCLOUD_PROJECT":"app-imed-sport","EVENTARC_CLOUD_EVENT_SOURCE":"projects/app-imed-sport/locations/us-central1/services/check_expired_subscriptions","FUNCTION_TARGET":"check_expired_subscriptions","LOG_EXECUTION_ID":"true"},"maxInstanceCount":60,"ingressSettings":"ALLOW_ALL","uri":"https://check-expired-subscriptions-6kx3cajifq-uc.a.run.app","serviceAccountEmail":"300860465249-compute@developer.gserviceaccount.com","availableMemory":"512Mi","allTrafficOnLatestRevision":true,"revision":"check-expired-subscriptions-00002-qif","maxInstanceRequestConcurrency":1,"availableCpu":"0.3333"},"state":"ACTIVE","updateTime":"2026-07-23T03:51:46.855365804Z","labels":{"deployment-tool":"cli-firebase","deployment-scheduled":"true","firebase-functions-hash":"eeddb2bd65f862a24ec54b020191c72ba739acba"},"environment":"GEN_2","url":"https://us-central1-app-imed-sport.cloudfunctions.net/check_expired_subscriptions","createTime":"2026-07-21T20:03:08.037624272Z","satisfiesPzi":true},{"name":"projects/app-imed-sport/locations/us-central1/functions/deduplicate_athlete_measurements","buildConfig":{"build":"projects/300860465249/locations/us-central1/builds/f9a56eea-f3eb-4514-a5fa-efb1769a119b","runtime":"python313","entryPoint":"deduplicate_athlete_measurements","source":{"storageSource":{"bucket":"gcf-v2-sources-300860465249-us-central1","object":"deduplicate_athlete_measurements/function-source.zip","generation":"1784778586240216"}},"environmentVariables":{"GOOGLE_NODE_RUN_SCRIPTS":""},"dockerRepository":"projects/app-imed-sport/locations/us-central1/repositories/gcf-artifacts","sourceProvenance":{"resolvedStorageSource":{"bucket":"gcf-v2-sources-300860465249-us-central1","object":"deduplicate_athlete_measurements/function-source.zip","generation":"1784778586240216"}},"dockerRegistry":"ARTIFACT_REGISTRY","serviceAccount":"projects/app-imed-sport/serviceAccounts/300860465249-compute@developer.gserviceaccount.com","automaticUpdatePolicy":{}},"serviceConfig":{"service":"projects/app-imed-sport/locations/us-central1/services/deduplicate-athlete-measurements","timeoutSeconds":60,"environmentVariables":{"FIREBASE_CONFIG":"{\"projectId\":\"app-imed-sport\",\"storageBucket\":\"app-imed-sport.firebasestorage.app\"}","GCLOUD_PROJECT":"app-imed-sport","EVENTARC_CLOUD_EVENT_SOURCE":"projects/app-imed-sport/locations/us-central1/services/deduplicate_athlete_measurements","FUNCTION_TARGET":"deduplicate_athlete_measurements","LOG_EXECUTION_ID":"true"},"maxInstanceCount":60,"ingressSettings":"ALLOW_ALL","uri":"https://deduplicate-athlete-measurements-6kx3cajifq-uc.a.run.app","serviceAccountEmail":"300860465249-compute@developer.gserviceaccount.com","availableMemory":"512Mi","allTrafficOnLatestRevision":true,"revision":"deduplicate-athlete-measurements-00003-diy","maxInstanceRequestConcurrency":1,"availableCpu":"0.3333"},"state":"ACTIVE","updateTime":"2026-07-23T03:51:43.954774235Z","labels":{"deployment-callable":"true","deployment-tool":"cli-firebase","firebase-functions-hash":"eeddb2bd65f862a24ec54b020191c72ba739acba"},"environment":"GEN_2","url":"https://us-central1-app-imed-sport.cloudfunctions.net/deduplicate_athlete_measurements","createTime":"2026-07-20T19:54:10.292352787Z","satisfiesPzi":true},{"name":"projects/app-imed-sport/locations/us-central1/functions/create_dashboard_user","buildConfig":{"build":"projects/300860465249/locations/us-central1/builds/4c46afb3-3e9e-4577-af9f-70a16a1265ee","runtime":"python313","entryPoint":"create_dashboard_user","source":{"storageSource":{"bucket":"gcf-v2-sources-300860465249-us-central1","object":"create_dashboard_user/function-source.zip","generation":"1784778586201920"}},"environmentVariables":{"GOOGLE_NODE_RUN_SCRIPTS":""},"dockerRepository":"projects/app-imed-sport/locations/us-central1/repositories/gcf-artifacts","sourceProvenance":{"resolvedStorageSource":{"bucket":"gcf-v2-sources-300860465249-us-central1","object":"create_dashboard_user/function-source.zip","generation":"1784778586201920"}},"dockerRegistry":"ARTIFACT_REGISTRY","serviceAccount":"projects/app-imed-sport/serviceAccounts/300860465249-compute@developer.gserviceaccount.com","automaticUpdatePolicy":{}},"serviceConfig":{"service":"projects/app-imed-sport/locations/us-central1/services/create-dashboard-user","timeoutSeconds":60,"environmentVariables":{"FIREBASE_CONFIG":"{\"projectId\":\"app-imed-sport\",\"storageBucket\":\"app-imed-sport.firebasestorage.app\"}","GCLOUD_PROJECT":"app-imed-sport","EVENTARC_CLOUD_EVENT_SOURCE":"projects/app-imed-sport/locations/us-central1/services/create_dashboard_user","FUNCTION_TARGET":"create_dashboard_user","LOG_EXECUTION_ID":"true"},"maxInstanceCount":60,"ingressSettings":"ALLOW_ALL","uri":"https://create-dashboard-user-6kx3cajifq-uc.a.run.app","serviceAccountEmail":"300860465249-compute@developer.gserviceaccount.com","availableMemory":"512Mi","allTrafficOnLatestRevision":true,"revision":"create-dashboard-user-00009-dob","maxInstanceRequestConcurrency":1,"availableCpu":"0.3333"},"state":"ACTIVE","updateTime":"2026-07-23T03:51:46.317063386Z","labels":{"deployment-callable":"true","deployment-tool":"cli-firebase","firebase-functions-hash":"eeddb2bd65f862a24ec54b020191c72ba739acba"},"environment":"GEN_2","url":"https://us-central1-app-imed-sport.cloudfunctions.net/create_dashboard_user","createTime":"2026-06-18T16:37:38.400185253Z","satisfiesPzi":true},{"name":"projects/app-imed-sport/locations/us-central1/functions/create_subscription","buildConfig":{"build":"projects/300860465249/locations/us-central1/builds/4c3095fa-7ea2-4ff3-a451-ff744e481fb8","runtime":"python313","entryPoint":"create_subscription","source":{"storageSource":{"bucket":"gcf-v2-sources-300860465249-us-central1","object":"create_subscription/function-source.zip","generation":"1784778586041594"}},"environmentVariables":{"GOOGLE_NODE_RUN_SCRIPTS":""},"dockerRepository":"projects/app-imed-sport/locations/us-central1/repositories/gcf-artifacts","sourceProvenance":{"resolvedStorageSource":{"bucket":"gcf-v2-sources-300860465249-us-central1","object":"create_subscription/function-source.zip","generation":"1784778586041594"}},"dockerRegistry":"ARTIFACT_REGISTRY","serviceAccount":"projects/app-imed-sport/serviceAccounts/300860465249-compute@developer.gserviceaccount.com","automaticUpdatePolicy":{}},"serviceConfig":{"service":"projects/app-imed-sport/locations/us-central1/services/create-subscription","timeoutSeconds":60,"environmentVariables":{"FIREBASE_CONFIG":"{\"projectId\":\"app-imed-sport\",\"storageBucket\":\"app-imed-sport.firebasestorage.app\"}","GCLOUD_PROJECT":"app-imed-sport","EVENTARC_CLOUD_EVENT_SOURCE":"projects/app-imed-sport/locations/us-central1/services/create_subscription","FUNCTION_TARGET":"create_subscription","LOG_EXECUTION_ID":"true"},"maxInstanceCount":60,"ingressSettings":"ALLOW_ALL","uri":"https://create-subscription-6kx3cajifq-uc.a.run.app","serviceAccountEmail":"300860465249-compute@developer.gserviceaccount.com","availableMemory":"512Mi","allTrafficOnLatestRevision":true,"revision":"create-subscription-00002-mud","maxInstanceRequestConcurrency":1,"availableCpu":"0.3333"},"state":"ACTIVE","updateTime":"2026-07-23T03:51:47.538827938Z","labels":{"deployment-callable":"true","deployment-tool":"cli-firebase","firebase-functions-hash":"eeddb2bd65f862a24ec54b020191c72ba739acba"},"environment":"GEN_2","url":"https://us-central1-app-imed-sport.cloudfunctions.net/create_subscription","createTime":"2026-07-21T20:03:07.453588471Z","satisfiesPzi":true},{"name":"projects/app-imed-sport/locations/us-central1/functions/update_dashboard_user_team","buildConfig":{"build":"projects/300860465249/locations/us-central1/builds/abc1fb7d-24e1-424c-944b-76e29109bdfb","runtime":"python313","entryPoint":"update_dashboard_user_team","source":{"storageSource":{"bucket":"gcf-v2-sources-300860465249-us-central1","object":"update_dashboard_user_team/function-source.zip","generation":"1784778586344691"}},"environmentVariables":{"GOOGLE_NODE_RUN_SCRIPTS":""},"dockerRepository":"projects/app-imed-sport/locations/us-central1/repositories/gcf-artifacts","sourceProvenance":{"resolvedStorageSource":{"bucket":"gcf-v2-sources-300860465249-us-central1","object":"update_dashboard_user_team/function-source.zip","generation":"1784778586344691"}},"dockerRegistry":"ARTIFACT_REGISTRY","serviceAccount":"projects/app-imed-sport/serviceAccounts/300860465249-compute@developer.gserviceaccount.com","automaticUpdatePolicy":{}},"serviceConfig":{"service":"projects/app-imed-sport/locations/us-central1/services/update-dashboard-user-team","timeoutSeconds":60,"environmentVariables":{"FIREBASE_CONFIG":"{\"projectId\":\"app-imed-sport\",\"storageBucket\":\"app-imed-sport.firebasestorage.app\"}","GCLOUD_PROJECT":"app-imed-sport","EVENTARC_CLOUD_EVENT_SOURCE":"projects/app-imed-sport/locations/us-central1/services/update_dashboard_user_team","FUNCTION_TARGET":"update_dashboard_user_team","LOG_EXECUTION_ID":"true"},"maxInstanceCount":60,"ingressSettings":"ALLOW_ALL","uri":"https://update-dashboard-user-team-6kx3cajifq-uc.a.run.app","serviceAccountEmail":"300860465249-compute@developer.gserviceaccount.com","availableMemory":"512Mi","allTrafficOnLatestRevision":true,"revision":"update-dashboard-user-team-00007-luk","maxInstanceRequestConcurrency":1,"availableCpu":"0.3333"},"state":"ACTIVE","updateTime":"2026-07-23T03:51:45.534495269Z","labels":{"deployment-callable":"true","deployment-tool":"cli-firebase","firebase-functions-hash":"eeddb2bd65f862a24ec54b020191c72ba739acba"},"environment":"GEN_2","url":"https://us-central1-app-imed-sport.cloudfunctions.net/update_dashboard_user_team","createTime":"2026-06-18T19:52:41.490321913Z","satisfiesPzi":true},{"name":"projects/app-imed-sport/locations/us-central1/functions/list_dashboard_users","buildConfig":{"build":"projects/300860465249/locations/us-central1/builds/b74d0653-b223-44e5-80a0-2c142ebd97d7","runtime":"python313","entryPoint":"list_dashboard_users","source":{"storageSource":{"bucket":"gcf-v2-sources-300860465249-us-central1","object":"list_dashboard_users/function-source.zip","generation":"1784778586153989"}},"environmentVariables":{"GOOGLE_NODE_RUN_SCRIPTS":""},"dockerRepository":"projects/app-imed-sport/locations/us-central1/repositories/gcf-artifacts","sourceProvenance":{"resolvedStorageSource":{"bucket":"gcf-v2-sources-300860465249-us-central1","object":"list_dashboard_users/function-source.zip","generation":"1784778586153989"}},"dockerRegistry":"ARTIFACT_REGISTRY","serviceAccount":"projects/app-imed-sport/serviceAccounts/300860465249-compute@developer.gserviceaccount.com","automaticUpdatePolicy":{}},"serviceConfig":{"service":"projects/app-imed-sport/locations/us-central1/services/list-dashboard-users","timeoutSeconds":60,"environmentVariables":{"FIREBASE_CONFIG":"{\"projectId\":\"app-imed-sport\",\"storageBucket\":\"app-imed-sport.firebasestorage.app\"}","GCLOUD_PROJECT":"app-imed-sport","EVENTARC_CLOUD_EVENT_SOURCE":"projects/app-imed-sport/locations/us-central1/services/list_dashboard_users","FUNCTION_TARGET":"list_dashboard_users","LOG_EXECUTION_ID":"true"},"maxInstanceCount":60,"ingressSettings":"ALLOW_ALL","uri":"https://list-dashboard-users-6kx3cajifq-uc.a.run.app","serviceAccountEmail":"300860465249-compute@developer.gserviceaccount.com","availableMemory":"512Mi","allTrafficOnLatestRevision":true,"revision":"list-dashboard-users-00009-roq","maxInstanceRequestConcurrency":1,"availableCpu":"0.3333"},"state":"ACTIVE","updateTime":"2026-07-23T03:51:47.452347704Z","labels":{"deployment-callable":"true","deployment-tool":"cli-firebase","firebase-functions-hash":"eeddb2bd65f862a24ec54b020191c72ba739acba"},"environment":"GEN_2","url":"https://us-central1-app-imed-sport.cloudfunctions.net/list_dashboard_users","createTime":"2026-06-18T16:37:38.319474451Z","satisfiesPzi":true},{"name":"projects/app-imed-sport/locations/us-central1/functions/process_gps_csv","buildConfig":{"build":"projects/300860465249/locations/us-central1/builds/e6195214-95be-4dd2-9c8c-941d0523ad76","runtime":"python313","entryPoint":"process_gps_csv","source":{"storageSource":{"bucket":"gcf-v2-sources-300860465249-us-central1","object":"process_gps_csv/function-source.zip","generation":"1784778586239777"}},"environmentVariables":{"GOOGLE_NODE_RUN_SCRIPTS":""},"dockerRepository":"projects/app-imed-sport/locations/us-central1/repositories/gcf-artifacts","sourceProvenance":{"resolvedStorageSource":{"bucket":"gcf-v2-sources-300860465249-us-central1","object":"process_gps_csv/function-source.zip","generation":"1784778586239777"}},"dockerRegistry":"ARTIFACT_REGISTRY","serviceAccount":"projects/app-imed-sport/serviceAccounts/300860465249-compute@developer.gserviceaccount.com","automaticUpdatePolicy":{}},"serviceConfig":{"service":"projects/app-imed-sport/locations/us-central1/services/process-gps-csv","timeoutSeconds":60,"environmentVariables":{"FIREBASE_CONFIG":"{\"projectId\":\"app-imed-sport\",\"storageBucket\":\"app-imed-sport.firebasestorage.app\"}","GCLOUD_PROJECT":"app-imed-sport","EVENTARC_CLOUD_EVENT_SOURCE":"projects/app-imed-sport/locations/us-central1/services/process_gps_csv","FUNCTION_TARGET":"process_gps_csv","LOG_EXECUTION_ID":"true"},"maxInstanceCount":60,"ingressSettings":"ALLOW_ALL","uri":"https://process-gps-csv-6kx3cajifq-uc.a.run.app","serviceAccountEmail":"300860465249-compute@developer.gserviceaccount.com","availableMemory":"512Mi","allTrafficOnLatestRevision":true,"revision":"process-gps-csv-00024-mir","maxInstanceRequestConcurrency":1,"availableCpu":"0.3333"},"state":"ACTIVE","updateTime":"2026-07-23T03:51:47.588165503Z","labels":{"firebase-functions-hash":"eeddb2bd65f862a24ec54b020191c72ba739acba","deployment-callable":"true","deployment-tool":"cli-firebase"},"environment":"GEN_2","url":"https://us-central1-app-imed-sport.cloudfunctions.net/process_gps_csv","createTime":"2026-05-09T16:34:10.220060492Z","satisfiesPzi":true}]}
[debug] [2026-07-23T14:35:55.160Z] Checked if tokens are valid: true, expires at: 1784820731661
[debug] [2026-07-23T14:35:55.160Z] Checked if tokens are valid: true, expires at: 1784820731661
[debug] [2026-07-23T14:35:55.160Z] >>> [apiv2][query] GET https://firestore.googleapis.com/v1/projects/app-imed-sport/databases/(default) [none]
[debug] [2026-07-23T14:36:07.523Z] <<< [apiv2][status] GET https://firestore.googleapis.com/v1/projects/app-imed-sport/databases/(default) 200
[debug] [2026-07-23T14:36:07.524Z] <<< [apiv2][body] GET https://firestore.googleapis.com/v1/projects/app-imed-sport/databases/(default) {"name":"projects/app-imed-sport/databases/(default)","uid":"6c830e1f-068c-4a33-9625-ed7b1ec2423a","createTime":"2026-05-06T16:14:44.671022Z","updateTime":"2026-05-06T16:14:44.671022Z","locationId":"nam5","type":"FIRESTORE_NATIVE","concurrencyMode":"PESSIMISTIC","versionRetentionPeriod":"3600s","earliestVersionTime":"2026-07-23T13:36:05.919015Z","appEngineIntegrationMode":"DISABLED","keyPrefix":"s","pointInTimeRecoveryEnablement":"POINT_IN_TIME_RECOVERY_DISABLED","deleteProtectionState":"DELETE_PROTECTION_DISABLED","databaseEdition":"STANDARD","freeTier":true,"realtimeUpdatesMode":"REALTIME_UPDATES_MODE_ENABLED","etag":"IM/G1uiC6ZUDMIeJw8+JpZQD"}
[info] i  functions: ensuring required API cloudscheduler.googleapis.com is enabled... 
[info] i  functions: ensuring required API run.googleapis.com is enabled... 
[info] i  functions: ensuring required API eventarc.googleapis.com is enabled... 
[info] i  functions: ensuring required API pubsub.googleapis.com is enabled... 
[info] i  functions: ensuring required API storage.googleapis.com is enabled... 
[info] i  functions: generating the service identity for pubsub.googleapis.com... 
[debug] [2026-07-23T14:36:07.529Z] Checked if tokens are valid: true, expires at: 1784820731661
[debug] [2026-07-23T14:36:07.530Z] Checked if tokens are valid: true, expires at: 1784820731661
[info] i  functions: generating the service identity for eventarc.googleapis.com... 
[debug] [2026-07-23T14:36:07.530Z] Checked if tokens are valid: true, expires at: 1784820731661
[debug] [2026-07-23T14:36:07.530Z] Checked if tokens are valid: true, expires at: 1784820731661
[debug] [2026-07-23T14:36:07.530Z] >>> [apiv2][query] POST https://serviceusage.googleapis.com/v1beta1/projects/300860465249/services/pubsub.googleapis.com:generateServiceIdentity [none]
[debug] [2026-07-23T14:36:07.530Z] >>> [apiv2][(partial)header] POST https://serviceusage.googleapis.com/v1beta1/projects/300860465249/services/pubsub.googleapis.com:generateServiceIdentity x-goog-quota-user=projects/300860465249
[debug] [2026-07-23T14:36:07.530Z] >>> [apiv2][body] POST https://serviceusage.googleapis.com/v1beta1/projects/300860465249/services/pubsub.googleapis.com:generateServiceIdentity {}
[debug] [2026-07-23T14:36:07.532Z] >>> [apiv2][query] POST https://serviceusage.googleapis.com/v1beta1/projects/300860465249/services/eventarc.googleapis.com:generateServiceIdentity [none]
[debug] [2026-07-23T14:36:07.532Z] >>> [apiv2][(partial)header] POST https://serviceusage.googleapis.com/v1beta1/projects/300860465249/services/eventarc.googleapis.com:generateServiceIdentity x-goog-quota-user=projects/300860465249
[debug] [2026-07-23T14:36:07.532Z] >>> [apiv2][body] POST https://serviceusage.googleapis.com/v1beta1/projects/300860465249/services/eventarc.googleapis.com:generateServiceIdentity {}
[debug] [2026-07-23T14:36:12.457Z] <<< [apiv2][status] POST https://serviceusage.googleapis.com/v1beta1/projects/300860465249/services/pubsub.googleapis.com:generateServiceIdentity 200
[debug] [2026-07-23T14:36:12.457Z] <<< [apiv2][body] POST https://serviceusage.googleapis.com/v1beta1/projects/300860465249/services/pubsub.googleapis.com:generateServiceIdentity {"name":"operations/finished.DONE_OPERATION","done":true,"response":{"@type":"type.googleapis.com/google.api.serviceusage.v1beta1.ServiceIdentity","email":"service-300860465249@gcp-sa-pubsub.iam.gserviceaccount.com","uniqueId":"106559618536490808404"}}
[debug] [2026-07-23T14:36:12.458Z] <<< [apiv2][status] POST https://serviceusage.googleapis.com/v1beta1/projects/300860465249/services/eventarc.googleapis.com:generateServiceIdentity 200
[debug] [2026-07-23T14:36:12.459Z] <<< [apiv2][body] POST https://serviceusage.googleapis.com/v1beta1/projects/300860465249/services/eventarc.googleapis.com:generateServiceIdentity {"name":"operations/finished.DONE_OPERATION","done":true,"response":{"@type":"type.googleapis.com/google.api.serviceusage.v1beta1.ServiceIdentity","email":"service-300860465249@gcp-sa-eventarc.iam.gserviceaccount.com","uniqueId":"110147377341277486546"}}
[debug] [2026-07-23T14:36:12.461Z] Checked if tokens are valid: true, expires at: 1784820731661
[debug] [2026-07-23T14:36:12.462Z] Checked if tokens are valid: true, expires at: 1784820731661
[debug] [2026-07-23T14:36:12.462Z] >>> [apiv2][query] GET https://cloudresourcemanager.googleapis.com/v1/projects/app-imed-sport [none]
[debug] [2026-07-23T14:36:19.151Z] <<< [apiv2][status] GET https://cloudresourcemanager.googleapis.com/v1/projects/app-imed-sport 200
[debug] [2026-07-23T14:36:19.151Z] <<< [apiv2][body] GET https://cloudresourcemanager.googleapis.com/v1/projects/app-imed-sport {"projectNumber":"300860465249","projectId":"app-imed-sport","lifecycleState":"ACTIVE","name":"app imed sport","labels":{"firebase":"enabled","firebase-core":"disabled"},"createTime":"2026-05-06T14:08:37.996Z"}
[debug] [2026-07-23T14:36:19.151Z] Checked if tokens are valid: true, expires at: 1784820731661
[debug] [2026-07-23T14:36:19.151Z] Checked if tokens are valid: true, expires at: 1784820731661
[debug] [2026-07-23T14:36:19.152Z] >>> [apiv2][query] GET https://compute.googleapis.com/compute/v1/projects/300860465249 [none]
[debug] [2026-07-23T14:36:19.959Z] <<< [apiv2][status] GET https://compute.googleapis.com/compute/v1/projects/300860465249 403
[debug] [2026-07-23T14:36:19.960Z] <<< [apiv2][body] GET https://compute.googleapis.com/compute/v1/projects/300860465249 {"error":{"code":403,"message":"Compute Engine API has not been used in project 300860465249 before or it is disabled. Enable it by visiting https://console.developers.google.com/apis/api/compute.googleapis.com/overview?project=300860465249 then retry. If you enabled this API recently, wait a few minutes for the action to propagate to our systems and retry.","errors":[{"message":"Compute Engine API has not been used in project 300860465249 before or it is disabled. Enable it by visiting https://console.developers.google.com/apis/api/compute.googleapis.com/overview?project=300860465249 then retry. If you enabled this API recently, wait a few minutes for the action to propagate to our systems and retry.","domain":"usageLimits","reason":"accessNotConfigured","extendedHelp":"https://console.developers.google.com"}],"status":"PERMISSION_DENIED","details":[{"@type":"type.googleapis.com/google.rpc.ErrorInfo","reason":"SERVICE_DISABLED","domain":"googleapis.com","metadata":{"containerInfo":"300860465249","consumer":"projects/300860465249","activationUrl":"https://console.developers.google.com/apis/api/compute.googleapis.com/overview?project=300860465249","service":"compute.googleapis.com","serviceTitle":"Compute Engine API"}},{"@type":"type.googleapis.com/google.rpc.LocalizedMessage","locale":"en-US","message":"Compute Engine API has not been used in project 300860465249 before or it is disabled. Enable it by visiting https://console.developers.google.com/apis/api/compute.googleapis.com/overview?project=300860465249 then retry. If you enabled this API recently, wait a few minutes for the action to propagate to our systems and retry."},{"@type":"type.googleapis.com/google.rpc.Help","links":[{"description":"Google developers console API activation","url":"https://console.developers.google.com/apis/api/compute.googleapis.com/overview?project=300860465249"}]}]}}
[debug] [2026-07-23T14:36:19.960Z] unable to look up default compute service account. Falling back to 300860465249-compute@developer.gserviceaccount.com. Error: {"name":"FirebaseError","children":[],"context":{"body":{"error":{"code":403,"message":"Compute Engine API has not been used in project 300860465249 before or it is disabled. Enable it by visiting https://console.developers.google.com/apis/api/compute.googleapis.com/overview?project=300860465249 then retry. If you enabled this API recently, wait a few minutes for the action to propagate to our systems and retry.","errors":[{"message":"Compute Engine API has not been used in project 300860465249 before or it is disabled. Enable it by visiting https://console.developers.google.com/apis/api/compute.googleapis.com/overview?project=300860465249 then retry. If you enabled this API recently, wait a few minutes for the action to propagate to our systems and retry.","domain":"usageLimits","reason":"accessNotConfigured","extendedHelp":"https://console.developers.google.com"}],"status":"PERMISSION_DENIED","details":[{"@type":"type.googleapis.com/google.rpc.ErrorInfo","reason":"SERVICE_DISABLED","domain":"googleapis.com","metadata":{"containerInfo":"300860465249","consumer":"projects/300860465249","activationUrl":"https://console.developers.google.com/apis/api/compute.googleapis.com/overview?project=300860465249","service":"compute.googleapis.com","serviceTitle":"Compute Engine API"}},{"@type":"type.googleapis.com/google.rpc.LocalizedMessage","locale":"en-US","message":"Compute Engine API has not been used in project 300860465249 before or it is disabled. Enable it by visiting https://console.developers.google.com/apis/api/compute.googleapis.com/overview?project=300860465249 then retry. If you enabled this API recently, wait a few minutes for the action to propagate to our systems and retry."},{"@type":"type.googleapis.com/google.rpc.Help","links":[{"description":"Google developers console API activation","url":"https://console.developers.google.com/apis/api/compute.googleapis.com/overview?project=300860465249"}]}]}},"response":{"statusCode":403}},"exit":1,"message":"Request to https://compute.googleapis.com/compute/v1/projects/300860465249 had HTTP Error: 403, Compute Engine API has not been used in project 300860465249 before or it is disabled. Enable it by visiting https://console.developers.google.com/apis/api/compute.googleapis.com/overview?project=300860465249 then retry. If you enabled this API recently, wait a few minutes for the action to propagate to our systems and retry.","status":403}
[debug] [2026-07-23T14:36:19.961Z] Checked if tokens are valid: true, expires at: 1784820731661
[debug] [2026-07-23T14:36:19.961Z] Checked if tokens are valid: true, expires at: 1784820731661
[debug] [2026-07-23T14:36:19.961Z] >>> [apiv2][query] GET https://compute.googleapis.com/compute/v1/projects/300860465249 [none]
[debug] [2026-07-23T14:36:20.501Z] <<< [apiv2][status] GET https://compute.googleapis.com/compute/v1/projects/300860465249 403
[debug] [2026-07-23T14:36:20.501Z] <<< [apiv2][body] GET https://compute.googleapis.com/compute/v1/projects/300860465249 {"error":{"code":403,"message":"Compute Engine API has not been used in project 300860465249 before or it is disabled. Enable it by visiting https://console.developers.google.com/apis/api/compute.googleapis.com/overview?project=300860465249 then retry. If you enabled this API recently, wait a few minutes for the action to propagate to our systems and retry.","errors":[{"message":"Compute Engine API has not been used in project 300860465249 before or it is disabled. Enable it by visiting https://console.developers.google.com/apis/api/compute.googleapis.com/overview?project=300860465249 then retry. If you enabled this API recently, wait a few minutes for the action to propagate to our systems and retry.","domain":"usageLimits","reason":"accessNotConfigured","extendedHelp":"https://console.developers.google.com"}],"status":"PERMISSION_DENIED","details":[{"@type":"type.googleapis.com/google.rpc.ErrorInfo","reason":"SERVICE_DISABLED","domain":"googleapis.com","metadata":{"service":"compute.googleapis.com","activationUrl":"https://console.developers.google.com/apis/api/compute.googleapis.com/overview?project=300860465249","containerInfo":"300860465249","serviceTitle":"Compute Engine API","consumer":"projects/300860465249"}},{"@type":"type.googleapis.com/google.rpc.LocalizedMessage","locale":"en-US","message":"Compute Engine API has not been used in project 300860465249 before or it is disabled. Enable it by visiting https://console.developers.google.com/apis/api/compute.googleapis.com/overview?project=300860465249 then retry. If you enabled this API recently, wait a few minutes for the action to propagate to our systems and retry."},{"@type":"type.googleapis.com/google.rpc.Help","links":[{"description":"Google developers console API activation","url":"https://console.developers.google.com/apis/api/compute.googleapis.com/overview?project=300860465249"}]}]}}
[debug] [2026-07-23T14:36:20.501Z] unable to look up default compute service account. Falling back to 300860465249-compute@developer.gserviceaccount.com. Error: {"name":"FirebaseError","children":[],"context":{"body":{"error":{"code":403,"message":"Compute Engine API has not been used in project 300860465249 before or it is disabled. Enable it by visiting https://console.developers.google.com/apis/api/compute.googleapis.com/overview?project=300860465249 then retry. If you enabled this API recently, wait a few minutes for the action to propagate to our systems and retry.","errors":[{"message":"Compute Engine API has not been used in project 300860465249 before or it is disabled. Enable it by visiting https://console.developers.google.com/apis/api/compute.googleapis.com/overview?project=300860465249 then retry. If you enabled this API recently, wait a few minutes for the action to propagate to our systems and retry.","domain":"usageLimits","reason":"accessNotConfigured","extendedHelp":"https://console.developers.google.com"}],"status":"PERMISSION_DENIED","details":[{"@type":"type.googleapis.com/google.rpc.ErrorInfo","reason":"SERVICE_DISABLED","domain":"googleapis.com","metadata":{"service":"compute.googleapis.com","activationUrl":"https://console.developers.google.com/apis/api/compute.googleapis.com/overview?project=300860465249","containerInfo":"300860465249","serviceTitle":"Compute Engine API","consumer":"projects/300860465249"}},{"@type":"type.googleapis.com/google.rpc.LocalizedMessage","locale":"en-US","message":"Compute Engine API has not been used in project 300860465249 before or it is disabled. Enable it by visiting https://console.developers.google.com/apis/api/compute.googleapis.com/overview?project=300860465249 then retry. If you enabled this API recently, wait a few minutes for the action to propagate to our systems and retry."},{"@type":"type.googleapis.com/google.rpc.Help","links":[{"description":"Google developers console API activation","url":"https://console.developers.google.com/apis/api/compute.googleapis.com/overview?project=300860465249"}]}]}},"response":{"statusCode":403}},"exit":1,"message":"Request to https://compute.googleapis.com/compute/v1/projects/300860465249 had HTTP Error: 403, Compute Engine API has not been used in project 300860465249 before or it is disabled. Enable it by visiting https://console.developers.google.com/apis/api/compute.googleapis.com/overview?project=300860465249 then retry. If you enabled this API recently, wait a few minutes for the action to propagate to our systems and retry.","status":403}
[debug] [2026-07-23T14:36:20.502Z] Checked if tokens are valid: true, expires at: 1784820731661
[debug] [2026-07-23T14:36:20.503Z] Checked if tokens are valid: true, expires at: 1784820731661
[debug] [2026-07-23T14:36:20.503Z] >>> [apiv2][query] GET https://compute.googleapis.com/compute/v1/projects/300860465249 [none]
[debug] [2026-07-23T14:36:21.193Z] <<< [apiv2][status] GET https://compute.googleapis.com/compute/v1/projects/300860465249 403
[debug] [2026-07-23T14:36:21.193Z] <<< [apiv2][body] GET https://compute.googleapis.com/compute/v1/projects/300860465249 {"error":{"code":403,"message":"Compute Engine API has not been used in project 300860465249 before or it is disabled. Enable it by visiting https://console.developers.google.com/apis/api/compute.googleapis.com/overview?project=300860465249 then retry. If you enabled this API recently, wait a few minutes for the action to propagate to our systems and retry.","errors":[{"message":"Compute Engine API has not been used in project 300860465249 before or it is disabled. Enable it by visiting https://console.developers.google.com/apis/api/compute.googleapis.com/overview?project=300860465249 then retry. If you enabled this API recently, wait a few minutes for the action to propagate to our systems and retry.","domain":"usageLimits","reason":"accessNotConfigured","extendedHelp":"https://console.developers.google.com"}],"status":"PERMISSION_DENIED","details":[{"@type":"type.googleapis.com/google.rpc.ErrorInfo","reason":"SERVICE_DISABLED","domain":"googleapis.com","metadata":{"serviceTitle":"Compute Engine API","activationUrl":"https://console.developers.google.com/apis/api/compute.googleapis.com/overview?project=300860465249","consumer":"projects/300860465249","containerInfo":"300860465249","service":"compute.googleapis.com"}},{"@type":"type.googleapis.com/google.rpc.LocalizedMessage","locale":"en-US","message":"Compute Engine API has not been used in project 300860465249 before or it is disabled. Enable it by visiting https://console.developers.google.com/apis/api/compute.googleapis.com/overview?project=300860465249 then retry. If you enabled this API recently, wait a few minutes for the action to propagate to our systems and retry."},{"@type":"type.googleapis.com/google.rpc.Help","links":[{"description":"Google developers console API activation","url":"https://console.developers.google.com/apis/api/compute.googleapis.com/overview?project=300860465249"}]}]}}
[debug] [2026-07-23T14:36:21.193Z] unable to look up default compute service account. Falling back to 300860465249-compute@developer.gserviceaccount.com. Error: {"name":"FirebaseError","children":[],"context":{"body":{"error":{"code":403,"message":"Compute Engine API has not been used in project 300860465249 before or it is disabled. Enable it by visiting https://console.developers.google.com/apis/api/compute.googleapis.com/overview?project=300860465249 then retry. If you enabled this API recently, wait a few minutes for the action to propagate to our systems and retry.","errors":[{"message":"Compute Engine API has not been used in project 300860465249 before or it is disabled. Enable it by visiting https://console.developers.google.com/apis/api/compute.googleapis.com/overview?project=300860465249 then retry. If you enabled this API recently, wait a few minutes for the action to propagate to our systems and retry.","domain":"usageLimits","reason":"accessNotConfigured","extendedHelp":"https://console.developers.google.com"}],"status":"PERMISSION_DENIED","details":[{"@type":"type.googleapis.com/google.rpc.ErrorInfo","reason":"SERVICE_DISABLED","domain":"googleapis.com","metadata":{"serviceTitle":"Compute Engine API","activationUrl":"https://console.developers.google.com/apis/api/compute.googleapis.com/overview?project=300860465249","consumer":"projects/300860465249","containerInfo":"300860465249","service":"compute.googleapis.com"}},{"@type":"type.googleapis.com/google.rpc.LocalizedMessage","locale":"en-US","message":"Compute Engine API has not been used in project 300860465249 before or it is disabled. Enable it by visiting https://console.developers.google.com/apis/api/compute.googleapis.com/overview?project=300860465249 then retry. If you enabled this API recently, wait a few minutes for the action to propagate to our systems and retry."},{"@type":"type.googleapis.com/google.rpc.Help","links":[{"description":"Google developers console API activation","url":"https://console.developers.google.com/apis/api/compute.googleapis.com/overview?project=300860465249"}]}]}},"response":{"statusCode":403}},"exit":1,"message":"Request to https://compute.googleapis.com/compute/v1/projects/300860465249 had HTTP Error: 403, Compute Engine API has not been used in project 300860465249 before or it is disabled. Enable it by visiting https://console.developers.google.com/apis/api/compute.googleapis.com/overview?project=300860465249 then retry. If you enabled this API recently, wait a few minutes for the action to propagate to our systems and retry.","status":403}
[debug] [2026-07-23T14:36:21.194Z] Checked if tokens are valid: true, expires at: 1784820731661
[debug] [2026-07-23T14:36:21.194Z] Checked if tokens are valid: true, expires at: 1784820731661
[debug] [2026-07-23T14:36:21.194Z] >>> [apiv2][query] GET https://compute.googleapis.com/compute/v1/projects/300860465249 [none]
[debug] [2026-07-23T14:36:22.092Z] <<< [apiv2][status] GET https://compute.googleapis.com/compute/v1/projects/300860465249 403
[debug] [2026-07-23T14:36:22.092Z] <<< [apiv2][body] GET https://compute.googleapis.com/compute/v1/projects/300860465249 {"error":{"code":403,"message":"Compute Engine API has not been used in project 300860465249 before or it is disabled. Enable it by visiting https://console.developers.google.com/apis/api/compute.googleapis.com/overview?project=300860465249 then retry. If you enabled this API recently, wait a few minutes for the action to propagate to our systems and retry.","errors":[{"message":"Compute Engine API has not been used in project 300860465249 before or it is disabled. Enable it by visiting https://console.developers.google.com/apis/api/compute.googleapis.com/overview?project=300860465249 then retry. If you enabled this API recently, wait a few minutes for the action to propagate to our systems and retry.","domain":"usageLimits","reason":"accessNotConfigured","extendedHelp":"https://console.developers.google.com"}],"status":"PERMISSION_DENIED","details":[{"@type":"type.googleapis.com/google.rpc.ErrorInfo","reason":"SERVICE_DISABLED","domain":"googleapis.com","metadata":{"consumer":"projects/300860465249","serviceTitle":"Compute Engine API","containerInfo":"300860465249","activationUrl":"https://console.developers.google.com/apis/api/compute.googleapis.com/overview?project=300860465249","service":"compute.googleapis.com"}},{"@type":"type.googleapis.com/google.rpc.LocalizedMessage","locale":"en-US","message":"Compute Engine API has not been used in project 300860465249 before or it is disabled. Enable it by visiting https://console.developers.google.com/apis/api/compute.googleapis.com/overview?project=300860465249 then retry. If you enabled this API recently, wait a few minutes for the action to propagate to our systems and retry."},{"@type":"type.googleapis.com/google.rpc.Help","links":[{"description":"Google developers console API activation","url":"https://console.developers.google.com/apis/api/compute.googleapis.com/overview?project=300860465249"}]}]}}
[debug] [2026-07-23T14:36:22.092Z] unable to look up default compute service account. Falling back to 300860465249-compute@developer.gserviceaccount.com. Error: {"name":"FirebaseError","children":[],"context":{"body":{"error":{"code":403,"message":"Compute Engine API has not been used in project 300860465249 before or it is disabled. Enable it by visiting https://console.developers.google.com/apis/api/compute.googleapis.com/overview?project=300860465249 then retry. If you enabled this API recently, wait a few minutes for the action to propagate to our systems and retry.","errors":[{"message":"Compute Engine API has not been used in project 300860465249 before or it is disabled. Enable it by visiting https://console.developers.google.com/apis/api/compute.googleapis.com/overview?project=300860465249 then retry. If you enabled this API recently, wait a few minutes for the action to propagate to our systems and retry.","domain":"usageLimits","reason":"accessNotConfigured","extendedHelp":"https://console.developers.google.com"}],"status":"PERMISSION_DENIED","details":[{"@type":"type.googleapis.com/google.rpc.ErrorInfo","reason":"SERVICE_DISABLED","domain":"googleapis.com","metadata":{"consumer":"projects/300860465249","serviceTitle":"Compute Engine API","containerInfo":"300860465249","activationUrl":"https://console.developers.google.com/apis/api/compute.googleapis.com/overview?project=300860465249","service":"compute.googleapis.com"}},{"@type":"type.googleapis.com/google.rpc.LocalizedMessage","locale":"en-US","message":"Compute Engine API has not been used in project 300860465249 before or it is disabled. Enable it by visiting https://console.developers.google.com/apis/api/compute.googleapis.com/overview?project=300860465249 then retry. If you enabled this API recently, wait a few minutes for the action to propagate to our systems and retry."},{"@type":"type.googleapis.com/google.rpc.Help","links":[{"description":"Google developers console API activation","url":"https://console.developers.google.com/apis/api/compute.googleapis.com/overview?project=300860465249"}]}]}},"response":{"statusCode":403}},"exit":1,"message":"Request to https://compute.googleapis.com/compute/v1/projects/300860465249 had HTTP Error: 403, Compute Engine API has not been used in project 300860465249 before or it is disabled. Enable it by visiting https://console.developers.google.com/apis/api/compute.googleapis.com/overview?project=300860465249 then retry. If you enabled this API recently, wait a few minutes for the action to propagate to our systems and retry.","status":403}
[debug] [2026-07-23T14:36:22.093Z] Checked if tokens are valid: true, expires at: 1784820731661
[debug] [2026-07-23T14:36:22.093Z] Checked if tokens are valid: true, expires at: 1784820731661
[debug] [2026-07-23T14:36:22.093Z] >>> [apiv2][query] GET https://compute.googleapis.com/compute/v1/projects/300860465249 [none]
[debug] [2026-07-23T14:36:23.450Z] <<< [apiv2][status] GET https://compute.googleapis.com/compute/v1/projects/300860465249 403
[debug] [2026-07-23T14:36:23.450Z] <<< [apiv2][body] GET https://compute.googleapis.com/compute/v1/projects/300860465249 {"error":{"code":403,"message":"Compute Engine API has not been used in project 300860465249 before or it is disabled. Enable it by visiting https://console.developers.google.com/apis/api/compute.googleapis.com/overview?project=300860465249 then retry. If you enabled this API recently, wait a few minutes for the action to propagate to our systems and retry.","errors":[{"message":"Compute Engine API has not been used in project 300860465249 before or it is disabled. Enable it by visiting https://console.developers.google.com/apis/api/compute.googleapis.com/overview?project=300860465249 then retry. If you enabled this API recently, wait a few minutes for the action to propagate to our systems and retry.","domain":"usageLimits","reason":"accessNotConfigured","extendedHelp":"https://console.developers.google.com"}],"status":"PERMISSION_DENIED","details":[{"@type":"type.googleapis.com/google.rpc.ErrorInfo","reason":"SERVICE_DISABLED","domain":"googleapis.com","metadata":{"serviceTitle":"Compute Engine API","containerInfo":"300860465249","service":"compute.googleapis.com","activationUrl":"https://console.developers.google.com/apis/api/compute.googleapis.com/overview?project=300860465249","consumer":"projects/300860465249"}},{"@type":"type.googleapis.com/google.rpc.LocalizedMessage","locale":"en-US","message":"Compute Engine API has not been used in project 300860465249 before or it is disabled. Enable it by visiting https://console.developers.google.com/apis/api/compute.googleapis.com/overview?project=300860465249 then retry. If you enabled this API recently, wait a few minutes for the action to propagate to our systems and retry."},{"@type":"type.googleapis.com/google.rpc.Help","links":[{"description":"Google developers console API activation","url":"https://console.developers.google.com/apis/api/compute.googleapis.com/overview?project=300860465249"}]}]}}
[debug] [2026-07-23T14:36:23.450Z] unable to look up default compute service account. Falling back to 300860465249-compute@developer.gserviceaccount.com. Error: {"name":"FirebaseError","children":[],"context":{"body":{"error":{"code":403,"message":"Compute Engine API has not been used in project 300860465249 before or it is disabled. Enable it by visiting https://console.developers.google.com/apis/api/compute.googleapis.com/overview?project=300860465249 then retry. If you enabled this API recently, wait a few minutes for the action to propagate to our systems and retry.","errors":[{"message":"Compute Engine API has not been used in project 300860465249 before or it is disabled. Enable it by visiting https://console.developers.google.com/apis/api/compute.googleapis.com/overview?project=300860465249 then retry. If you enabled this API recently, wait a few minutes for the action to propagate to our systems and retry.","domain":"usageLimits","reason":"accessNotConfigured","extendedHelp":"https://console.developers.google.com"}],"status":"PERMISSION_DENIED","details":[{"@type":"type.googleapis.com/google.rpc.ErrorInfo","reason":"SERVICE_DISABLED","domain":"googleapis.com","metadata":{"serviceTitle":"Compute Engine API","containerInfo":"300860465249","service":"compute.googleapis.com","activationUrl":"https://console.developers.google.com/apis/api/compute.googleapis.com/overview?project=300860465249","consumer":"projects/300860465249"}},{"@type":"type.googleapis.com/google.rpc.LocalizedMessage","locale":"en-US","message":"Compute Engine API has not been used in project 300860465249 before or it is disabled. Enable it by visiting https://console.developers.google.com/apis/api/compute.googleapis.com/overview?project=300860465249 then retry. If you enabled this API recently, wait a few minutes for the action to propagate to our systems and retry."},{"@type":"type.googleapis.com/google.rpc.Help","links":[{"description":"Google developers console API activation","url":"https://console.developers.google.com/apis/api/compute.googleapis.com/overview?project=300860465249"}]}]}},"response":{"statusCode":403}},"exit":1,"message":"Request to https://compute.googleapis.com/compute/v1/projects/300860465249 had HTTP Error: 403, Compute Engine API has not been used in project 300860465249 before or it is disabled. Enable it by visiting https://console.developers.google.com/apis/api/compute.googleapis.com/overview?project=300860465249 then retry. If you enabled this API recently, wait a few minutes for the action to propagate to our systems and retry.","status":403}
[debug] [2026-07-23T14:36:23.451Z] Checked if tokens are valid: true, expires at: 1784820731661
[debug] [2026-07-23T14:36:23.451Z] Checked if tokens are valid: true, expires at: 1784820731661
[debug] [2026-07-23T14:36:23.451Z] >>> [apiv2][query] GET https://compute.googleapis.com/compute/v1/projects/300860465249 [none]
[debug] [2026-07-23T14:36:30.457Z] <<< [apiv2][status] GET https://compute.googleapis.com/compute/v1/projects/300860465249 403
[debug] [2026-07-23T14:36:30.457Z] <<< [apiv2][body] GET https://compute.googleapis.com/compute/v1/projects/300860465249 {"error":{"code":403,"message":"Compute Engine API has not been used in project 300860465249 before or it is disabled. Enable it by visiting https://console.developers.google.com/apis/api/compute.googleapis.com/overview?project=300860465249 then retry. If you enabled this API recently, wait a few minutes for the action to propagate to our systems and retry.","errors":[{"message":"Compute Engine API has not been used in project 300860465249 before or it is disabled. Enable it by visiting https://console.developers.google.com/apis/api/compute.googleapis.com/overview?project=300860465249 then retry. If you enabled this API recently, wait a few minutes for the action to propagate to our systems and retry.","domain":"usageLimits","reason":"accessNotConfigured","extendedHelp":"https://console.developers.google.com"}],"status":"PERMISSION_DENIED","details":[{"@type":"type.googleapis.com/google.rpc.ErrorInfo","reason":"SERVICE_DISABLED","domain":"googleapis.com","metadata":{"containerInfo":"300860465249","activationUrl":"https://console.developers.google.com/apis/api/compute.googleapis.com/overview?project=300860465249","service":"compute.googleapis.com","serviceTitle":"Compute Engine API","consumer":"projects/300860465249"}},{"@type":"type.googleapis.com/google.rpc.LocalizedMessage","locale":"en-US","message":"Compute Engine API has not been used in project 300860465249 before or it is disabled. Enable it by visiting https://console.developers.google.com/apis/api/compute.googleapis.com/overview?project=300860465249 then retry. If you enabled this API recently, wait a few minutes for the action to propagate to our systems and retry."},{"@type":"type.googleapis.com/google.rpc.Help","links":[{"description":"Google developers console API activation","url":"https://console.developers.google.com/apis/api/compute.googleapis.com/overview?project=300860465249"}]}]}}
[debug] [2026-07-23T14:36:30.457Z] unable to look up default compute service account. Falling back to 300860465249-compute@developer.gserviceaccount.com. Error: {"name":"FirebaseError","children":[],"context":{"body":{"error":{"code":403,"message":"Compute Engine API has not been used in project 300860465249 before or it is disabled. Enable it by visiting https://console.developers.google.com/apis/api/compute.googleapis.com/overview?project=300860465249 then retry. If you enabled this API recently, wait a few minutes for the action to propagate to our systems and retry.","errors":[{"message":"Compute Engine API has not been used in project 300860465249 before or it is disabled. Enable it by visiting https://console.developers.google.com/apis/api/compute.googleapis.com/overview?project=300860465249 then retry. If you enabled this API recently, wait a few minutes for the action to propagate to our systems and retry.","domain":"usageLimits","reason":"accessNotConfigured","extendedHelp":"https://console.developers.google.com"}],"status":"PERMISSION_DENIED","details":[{"@type":"type.googleapis.com/google.rpc.ErrorInfo","reason":"SERVICE_DISABLED","domain":"googleapis.com","metadata":{"containerInfo":"300860465249","activationUrl":"https://console.developers.google.com/apis/api/compute.googleapis.com/overview?project=300860465249","service":"compute.googleapis.com","serviceTitle":"Compute Engine API","consumer":"projects/300860465249"}},{"@type":"type.googleapis.com/google.rpc.LocalizedMessage","locale":"en-US","message":"Compute Engine API has not been used in project 300860465249 before or it is disabled. Enable it by visiting https://console.developers.google.com/apis/api/compute.googleapis.com/overview?project=300860465249 then retry. If you enabled this API recently, wait a few minutes for the action to propagate to our systems and retry."},{"@type":"type.googleapis.com/google.rpc.Help","links":[{"description":"Google developers console API activation","url":"https://console.developers.google.com/apis/api/compute.googleapis.com/overview?project=300860465249"}]}]}},"response":{"statusCode":403}},"exit":1,"message":"Request to https://compute.googleapis.com/compute/v1/projects/300860465249 had HTTP Error: 403, Compute Engine API has not been used in project 300860465249 before or it is disabled. Enable it by visiting https://console.developers.google.com/apis/api/compute.googleapis.com/overview?project=300860465249 then retry. If you enabled this API recently, wait a few minutes for the action to propagate to our systems and retry.","status":403}
[debug] [2026-07-23T14:36:30.458Z] Checked if tokens are valid: true, expires at: 1784820731661
[debug] [2026-07-23T14:36:30.459Z] Checked if tokens are valid: true, expires at: 1784820731661
[debug] [2026-07-23T14:36:30.459Z] >>> [apiv2][query] GET https://compute.googleapis.com/compute/v1/projects/300860465249 [none]
[debug] [2026-07-23T14:36:32.115Z] <<< [apiv2][status] GET https://compute.googleapis.com/compute/v1/projects/300860465249 403
[debug] [2026-07-23T14:36:32.116Z] <<< [apiv2][body] GET https://compute.googleapis.com/compute/v1/projects/300860465249 {"error":{"code":403,"message":"Compute Engine API has not been used in project 300860465249 before or it is disabled. Enable it by visiting https://console.developers.google.com/apis/api/compute.googleapis.com/overview?project=300860465249 then retry. If you enabled this API recently, wait a few minutes for the action to propagate to our systems and retry.","errors":[{"message":"Compute Engine API has not been used in project 300860465249 before or it is disabled. Enable it by visiting https://console.developers.google.com/apis/api/compute.googleapis.com/overview?project=300860465249 then retry. If you enabled this API recently, wait a few minutes for the action to propagate to our systems and retry.","domain":"usageLimits","reason":"accessNotConfigured","extendedHelp":"https://console.developers.google.com"}],"status":"PERMISSION_DENIED","details":[{"@type":"type.googleapis.com/google.rpc.ErrorInfo","reason":"SERVICE_DISABLED","domain":"googleapis.com","metadata":{"containerInfo":"300860465249","serviceTitle":"Compute Engine API","consumer":"projects/300860465249","activationUrl":"https://console.developers.google.com/apis/api/compute.googleapis.com/overview?project=300860465249","service":"compute.googleapis.com"}},{"@type":"type.googleapis.com/google.rpc.LocalizedMessage","locale":"en-US","message":"Compute Engine API has not been used in project 300860465249 before or it is disabled. Enable it by visiting https://console.developers.google.com/apis/api/compute.googleapis.com/overview?project=300860465249 then retry. If you enabled this API recently, wait a few minutes for the action to propagate to our systems and retry."},{"@type":"type.googleapis.com/google.rpc.Help","links":[{"description":"Google developers console API activation","url":"https://console.developers.google.com/apis/api/compute.googleapis.com/overview?project=300860465249"}]}]}}
[debug] [2026-07-23T14:36:32.116Z] unable to look up default compute service account. Falling back to 300860465249-compute@developer.gserviceaccount.com. Error: {"name":"FirebaseError","children":[],"context":{"body":{"error":{"code":403,"message":"Compute Engine API has not been used in project 300860465249 before or it is disabled. Enable it by visiting https://console.developers.google.com/apis/api/compute.googleapis.com/overview?project=300860465249 then retry. If you enabled this API recently, wait a few minutes for the action to propagate to our systems and retry.","errors":[{"message":"Compute Engine API has not been used in project 300860465249 before or it is disabled. Enable it by visiting https://console.developers.google.com/apis/api/compute.googleapis.com/overview?project=300860465249 then retry. If you enabled this API recently, wait a few minutes for the action to propagate to our systems and retry.","domain":"usageLimits","reason":"accessNotConfigured","extendedHelp":"https://console.developers.google.com"}],"status":"PERMISSION_DENIED","details":[{"@type":"type.googleapis.com/google.rpc.ErrorInfo","reason":"SERVICE_DISABLED","domain":"googleapis.com","metadata":{"containerInfo":"300860465249","serviceTitle":"Compute Engine API","consumer":"projects/300860465249","activationUrl":"https://console.developers.google.com/apis/api/compute.googleapis.com/overview?project=300860465249","service":"compute.googleapis.com"}},{"@type":"type.googleapis.com/google.rpc.LocalizedMessage","locale":"en-US","message":"Compute Engine API has not been used in project 300860465249 before or it is disabled. Enable it by visiting https://console.developers.google.com/apis/api/compute.googleapis.com/overview?project=300860465249 then retry. If you enabled this API recently, wait a few minutes for the action to propagate to our systems and retry."},{"@type":"type.googleapis.com/google.rpc.Help","links":[{"description":"Google developers console API activation","url":"https://console.developers.google.com/apis/api/compute.googleapis.com/overview?project=300860465249"}]}]}},"response":{"statusCode":403}},"exit":1,"message":"Request to https://compute.googleapis.com/compute/v1/projects/300860465249 had HTTP Error: 403, Compute Engine API has not been used in project 300860465249 before or it is disabled. Enable it by visiting https://console.developers.google.com/apis/api/compute.googleapis.com/overview?project=300860465249 then retry. If you enabled this API recently, wait a few minutes for the action to propagate to our systems and retry.","status":403}
[debug] [2026-07-23T14:36:32.131Z] Checked if tokens are valid: true, expires at: 1784820731661
[debug] [2026-07-23T14:36:32.131Z] Checked if tokens are valid: true, expires at: 1784820731661
[debug] [2026-07-23T14:36:32.132Z] >>> [apiv2][query] GET https://compute.googleapis.com/compute/v1/projects/300860465249 [none]
[debug] [2026-07-23T14:36:34.119Z] <<< [apiv2][status] GET https://compute.googleapis.com/compute/v1/projects/300860465249 403
[debug] [2026-07-23T14:36:34.120Z] <<< [apiv2][body] GET https://compute.googleapis.com/compute/v1/projects/300860465249 {"error":{"code":403,"message":"Compute Engine API has not been used in project 300860465249 before or it is disabled. Enable it by visiting https://console.developers.google.com/apis/api/compute.googleapis.com/overview?project=300860465249 then retry. If you enabled this API recently, wait a few minutes for the action to propagate to our systems and retry.","errors":[{"message":"Compute Engine API has not been used in project 300860465249 before or it is disabled. Enable it by visiting https://console.developers.google.com/apis/api/compute.googleapis.com/overview?project=300860465249 then retry. If you enabled this API recently, wait a few minutes for the action to propagate to our systems and retry.","domain":"usageLimits","reason":"accessNotConfigured","extendedHelp":"https://console.developers.google.com"}],"status":"PERMISSION_DENIED","details":[{"@type":"type.googleapis.com/google.rpc.ErrorInfo","reason":"SERVICE_DISABLED","domain":"googleapis.com","metadata":{"containerInfo":"300860465249","serviceTitle":"Compute Engine API","consumer":"projects/300860465249","activationUrl":"https://console.developers.google.com/apis/api/compute.googleapis.com/overview?project=300860465249","service":"compute.googleapis.com"}},{"@type":"type.googleapis.com/google.rpc.LocalizedMessage","locale":"en-US","message":"Compute Engine API has not been used in project 300860465249 before or it is disabled. Enable it by visiting https://console.developers.google.com/apis/api/compute.googleapis.com/overview?project=300860465249 then retry. If you enabled this API recently, wait a few minutes for the action to propagate to our systems and retry."},{"@type":"type.googleapis.com/google.rpc.Help","links":[{"description":"Google developers console API activation","url":"https://console.developers.google.com/apis/api/compute.googleapis.com/overview?project=300860465249"}]}]}}
[debug] [2026-07-23T14:36:34.120Z] unable to look up default compute service account. Falling back to 300860465249-compute@developer.gserviceaccount.com. Error: {"name":"FirebaseError","children":[],"context":{"body":{"error":{"code":403,"message":"Compute Engine API has not been used in project 300860465249 before or it is disabled. Enable it by visiting https://console.developers.google.com/apis/api/compute.googleapis.com/overview?project=300860465249 then retry. If you enabled this API recently, wait a few minutes for the action to propagate to our systems and retry.","errors":[{"message":"Compute Engine API has not been used in project 300860465249 before or it is disabled. Enable it by visiting https://console.developers.google.com/apis/api/compute.googleapis.com/overview?project=300860465249 then retry. If you enabled this API recently, wait a few minutes for the action to propagate to our systems and retry.","domain":"usageLimits","reason":"accessNotConfigured","extendedHelp":"https://console.developers.google.com"}],"status":"PERMISSION_DENIED","details":[{"@type":"type.googleapis.com/google.rpc.ErrorInfo","reason":"SERVICE_DISABLED","domain":"googleapis.com","metadata":{"containerInfo":"300860465249","serviceTitle":"Compute Engine API","consumer":"projects/300860465249","activationUrl":"https://console.developers.google.com/apis/api/compute.googleapis.com/overview?project=300860465249","service":"compute.googleapis.com"}},{"@type":"type.googleapis.com/google.rpc.LocalizedMessage","locale":"en-US","message":"Compute Engine API has not been used in project 300860465249 before or it is disabled. Enable it by visiting https://console.developers.google.com/apis/api/compute.googleapis.com/overview?project=300860465249 then retry. If you enabled this API recently, wait a few minutes for the action to propagate to our systems and retry."},{"@type":"type.googleapis.com/google.rpc.Help","links":[{"description":"Google developers console API activation","url":"https://console.developers.google.com/apis/api/compute.googleapis.com/overview?project=300860465249"}]}]}},"response":{"statusCode":403}},"exit":1,"message":"Request to https://compute.googleapis.com/compute/v1/projects/300860465249 had HTTP Error: 403, Compute Engine API has not been used in project 300860465249 before or it is disabled. Enable it by visiting https://console.developers.google.com/apis/api/compute.googleapis.com/overview?project=300860465249 then retry. If you enabled this API recently, wait a few minutes for the action to propagate to our systems and retry.","status":403}
[debug] [2026-07-23T14:36:34.121Z] Checked if tokens are valid: true, expires at: 1784820731661
[debug] [2026-07-23T14:36:34.121Z] Checked if tokens are valid: true, expires at: 1784820731661
[debug] [2026-07-23T14:36:34.121Z] >>> [apiv2][query] GET https://compute.googleapis.com/compute/v1/projects/300860465249 [none]
[debug] [2026-07-23T14:36:35.663Z] <<< [apiv2][status] GET https://compute.googleapis.com/compute/v1/projects/300860465249 403
[debug] [2026-07-23T14:36:35.663Z] <<< [apiv2][body] GET https://compute.googleapis.com/compute/v1/projects/300860465249 {"error":{"code":403,"message":"Compute Engine API has not been used in project 300860465249 before or it is disabled. Enable it by visiting https://console.developers.google.com/apis/api/compute.googleapis.com/overview?project=300860465249 then retry. If you enabled this API recently, wait a few minutes for the action to propagate to our systems and retry.","errors":[{"message":"Compute Engine API has not been used in project 300860465249 before or it is disabled. Enable it by visiting https://console.developers.google.com/apis/api/compute.googleapis.com/overview?project=300860465249 then retry. If you enabled this API recently, wait a few minutes for the action to propagate to our systems and retry.","domain":"usageLimits","reason":"accessNotConfigured","extendedHelp":"https://console.developers.google.com"}],"status":"PERMISSION_DENIED","details":[{"@type":"type.googleapis.com/google.rpc.ErrorInfo","reason":"SERVICE_DISABLED","domain":"googleapis.com","metadata":{"containerInfo":"300860465249","activationUrl":"https://console.developers.google.com/apis/api/compute.googleapis.com/overview?project=300860465249","service":"compute.googleapis.com","consumer":"projects/300860465249","serviceTitle":"Compute Engine API"}},{"@type":"type.googleapis.com/google.rpc.LocalizedMessage","locale":"en-US","message":"Compute Engine API has not been used in project 300860465249 before or it is disabled. Enable it by visiting https://console.developers.google.com/apis/api/compute.googleapis.com/overview?project=300860465249 then retry. If you enabled this API recently, wait a few minutes for the action to propagate to our systems and retry."},{"@type":"type.googleapis.com/google.rpc.Help","links":[{"description":"Google developers console API activation","url":"https://console.developers.google.com/apis/api/compute.googleapis.com/overview?project=300860465249"}]}]}}
[debug] [2026-07-23T14:36:35.663Z] unable to look up default compute service account. Falling back to 300860465249-compute@developer.gserviceaccount.com. Error: {"name":"FirebaseError","children":[],"context":{"body":{"error":{"code":403,"message":"Compute Engine API has not been used in project 300860465249 before or it is disabled. Enable it by visiting https://console.developers.google.com/apis/api/compute.googleapis.com/overview?project=300860465249 then retry. If you enabled this API recently, wait a few minutes for the action to propagate to our systems and retry.","errors":[{"message":"Compute Engine API has not been used in project 300860465249 before or it is disabled. Enable it by visiting https://console.developers.google.com/apis/api/compute.googleapis.com/overview?project=300860465249 then retry. If you enabled this API recently, wait a few minutes for the action to propagate to our systems and retry.","domain":"usageLimits","reason":"accessNotConfigured","extendedHelp":"https://console.developers.google.com"}],"status":"PERMISSION_DENIED","details":[{"@type":"type.googleapis.com/google.rpc.ErrorInfo","reason":"SERVICE_DISABLED","domain":"googleapis.com","metadata":{"containerInfo":"300860465249","activationUrl":"https://console.developers.google.com/apis/api/compute.googleapis.com/overview?project=300860465249","service":"compute.googleapis.com","consumer":"projects/300860465249","serviceTitle":"Compute Engine API"}},{"@type":"type.googleapis.com/google.rpc.LocalizedMessage","locale":"en-US","message":"Compute Engine API has not been used in project 300860465249 before or it is disabled. Enable it by visiting https://console.developers.google.com/apis/api/compute.googleapis.com/overview?project=300860465249 then retry. If you enabled this API recently, wait a few minutes for the action to propagate to our systems and retry."},{"@type":"type.googleapis.com/google.rpc.Help","links":[{"description":"Google developers console API activation","url":"https://console.developers.google.com/apis/api/compute.googleapis.com/overview?project=300860465249"}]}]}},"response":{"statusCode":403}},"exit":1,"message":"Request to https://compute.googleapis.com/compute/v1/projects/300860465249 had HTTP Error: 403, Compute Engine API has not been used in project 300860465249 before or it is disabled. Enable it by visiting https://console.developers.google.com/apis/api/compute.googleapis.com/overview?project=300860465249 then retry. If you enabled this API recently, wait a few minutes for the action to propagate to our systems and retry.","status":403}
[debug] [2026-07-23T14:36:35.664Z] Checked if tokens are valid: true, expires at: 1784820731661
[debug] [2026-07-23T14:36:35.664Z] Checked if tokens are valid: true, expires at: 1784820731661
[debug] [2026-07-23T14:36:35.664Z] >>> [apiv2][query] GET https://compute.googleapis.com/compute/v1/projects/300860465249 [none]
[debug] [2026-07-23T14:36:42.082Z] <<< [apiv2][status] GET https://compute.googleapis.com/compute/v1/projects/300860465249 403
[debug] [2026-07-23T14:36:42.082Z] <<< [apiv2][body] GET https://compute.googleapis.com/compute/v1/projects/300860465249 {"error":{"code":403,"message":"Compute Engine API has not been used in project 300860465249 before or it is disabled. Enable it by visiting https://console.developers.google.com/apis/api/compute.googleapis.com/overview?project=300860465249 then retry. If you enabled this API recently, wait a few minutes for the action to propagate to our systems and retry.","errors":[{"message":"Compute Engine API has not been used in project 300860465249 before or it is disabled. Enable it by visiting https://console.developers.google.com/apis/api/compute.googleapis.com/overview?project=300860465249 then retry. If you enabled this API recently, wait a few minutes for the action to propagate to our systems and retry.","domain":"usageLimits","reason":"accessNotConfigured","extendedHelp":"https://console.developers.google.com"}],"status":"PERMISSION_DENIED","details":[{"@type":"type.googleapis.com/google.rpc.ErrorInfo","reason":"SERVICE_DISABLED","domain":"googleapis.com","metadata":{"activationUrl":"https://console.developers.google.com/apis/api/compute.googleapis.com/overview?project=300860465249","containerInfo":"300860465249","serviceTitle":"Compute Engine API","service":"compute.googleapis.com","consumer":"projects/300860465249"}},{"@type":"type.googleapis.com/google.rpc.LocalizedMessage","locale":"en-US","message":"Compute Engine API has not been used in project 300860465249 before or it is disabled. Enable it by visiting https://console.developers.google.com/apis/api/compute.googleapis.com/overview?project=300860465249 then retry. If you enabled this API recently, wait a few minutes for the action to propagate to our systems and retry."},{"@type":"type.googleapis.com/google.rpc.Help","links":[{"description":"Google developers console API activation","url":"https://console.developers.google.com/apis/api/compute.googleapis.com/overview?project=300860465249"}]}]}}
[debug] [2026-07-23T14:36:42.082Z] unable to look up default compute service account. Falling back to 300860465249-compute@developer.gserviceaccount.com. Error: {"name":"FirebaseError","children":[],"context":{"body":{"error":{"code":403,"message":"Compute Engine API has not been used in project 300860465249 before or it is disabled. Enable it by visiting https://console.developers.google.com/apis/api/compute.googleapis.com/overview?project=300860465249 then retry. If you enabled this API recently, wait a few minutes for the action to propagate to our systems and retry.","errors":[{"message":"Compute Engine API has not been used in project 300860465249 before or it is disabled. Enable it by visiting https://console.developers.google.com/apis/api/compute.googleapis.com/overview?project=300860465249 then retry. If you enabled this API recently, wait a few minutes for the action to propagate to our systems and retry.","domain":"usageLimits","reason":"accessNotConfigured","extendedHelp":"https://console.developers.google.com"}],"status":"PERMISSION_DENIED","details":[{"@type":"type.googleapis.com/google.rpc.ErrorInfo","reason":"SERVICE_DISABLED","domain":"googleapis.com","metadata":{"activationUrl":"https://console.developers.google.com/apis/api/compute.googleapis.com/overview?project=300860465249","containerInfo":"300860465249","serviceTitle":"Compute Engine API","service":"compute.googleapis.com","consumer":"projects/300860465249"}},{"@type":"type.googleapis.com/google.rpc.LocalizedMessage","locale":"en-US","message":"Compute Engine API has not been used in project 300860465249 before or it is disabled. Enable it by visiting https://console.developers.google.com/apis/api/compute.googleapis.com/overview?project=300860465249 then retry. If you enabled this API recently, wait a few minutes for the action to propagate to our systems and retry."},{"@type":"type.googleapis.com/google.rpc.Help","links":[{"description":"Google developers console API activation","url":"https://console.developers.google.com/apis/api/compute.googleapis.com/overview?project=300860465249"}]}]}},"response":{"statusCode":403}},"exit":1,"message":"Request to https://compute.googleapis.com/compute/v1/projects/300860465249 had HTTP Error: 403, Compute Engine API has not been used in project 300860465249 before or it is disabled. Enable it by visiting https://console.developers.google.com/apis/api/compute.googleapis.com/overview?project=300860465249 then retry. If you enabled this API recently, wait a few minutes for the action to propagate to our systems and retry.","status":403}
[debug] [2026-07-23T14:36:42.083Z] Checked if tokens are valid: true, expires at: 1784820731661
[debug] [2026-07-23T14:36:42.083Z] Checked if tokens are valid: true, expires at: 1784820731661
[debug] [2026-07-23T14:36:42.083Z] >>> [apiv2][query] GET https://compute.googleapis.com/compute/v1/projects/300860465249 [none]
[debug] [2026-07-23T14:36:42.475Z] <<< [apiv2][status] GET https://compute.googleapis.com/compute/v1/projects/300860465249 403
[debug] [2026-07-23T14:36:42.476Z] <<< [apiv2][body] GET https://compute.googleapis.com/compute/v1/projects/300860465249 {"error":{"code":403,"message":"Compute Engine API has not been used in project 300860465249 before or it is disabled. Enable it by visiting https://console.developers.google.com/apis/api/compute.googleapis.com/overview?project=300860465249 then retry. If you enabled this API recently, wait a few minutes for the action to propagate to our systems and retry.","errors":[{"message":"Compute Engine API has not been used in project 300860465249 before or it is disabled. Enable it by visiting https://console.developers.google.com/apis/api/compute.googleapis.com/overview?project=300860465249 then retry. If you enabled this API recently, wait a few minutes for the action to propagate to our systems and retry.","domain":"usageLimits","reason":"accessNotConfigured","extendedHelp":"https://console.developers.google.com"}],"status":"PERMISSION_DENIED","details":[{"@type":"type.googleapis.com/google.rpc.ErrorInfo","reason":"SERVICE_DISABLED","domain":"googleapis.com","metadata":{"serviceTitle":"Compute Engine API","activationUrl":"https://console.developers.google.com/apis/api/compute.googleapis.com/overview?project=300860465249","consumer":"projects/300860465249","containerInfo":"300860465249","service":"compute.googleapis.com"}},{"@type":"type.googleapis.com/google.rpc.LocalizedMessage","locale":"en-US","message":"Compute Engine API has not been used in project 300860465249 before or it is disabled. Enable it by visiting https://console.developers.google.com/apis/api/compute.googleapis.com/overview?project=300860465249 then retry. If you enabled this API recently, wait a few minutes for the action to propagate to our systems and retry."},{"@type":"type.googleapis.com/google.rpc.Help","links":[{"description":"Google developers console API activation","url":"https://console.developers.google.com/apis/api/compute.googleapis.com/overview?project=300860465249"}]}]}}
[debug] [2026-07-23T14:36:42.476Z] unable to look up default compute service account. Falling back to 300860465249-compute@developer.gserviceaccount.com. Error: {"name":"FirebaseError","children":[],"context":{"body":{"error":{"code":403,"message":"Compute Engine API has not been used in project 300860465249 before or it is disabled. Enable it by visiting https://console.developers.google.com/apis/api/compute.googleapis.com/overview?project=300860465249 then retry. If you enabled this API recently, wait a few minutes for the action to propagate to our systems and retry.","errors":[{"message":"Compute Engine API has not been used in project 300860465249 before or it is disabled. Enable it by visiting https://console.developers.google.com/apis/api/compute.googleapis.com/overview?project=300860465249 then retry. If you enabled this API recently, wait a few minutes for the action to propagate to our systems and retry.","domain":"usageLimits","reason":"accessNotConfigured","extendedHelp":"https://console.developers.google.com"}],"status":"PERMISSION_DENIED","details":[{"@type":"type.googleapis.com/google.rpc.ErrorInfo","reason":"SERVICE_DISABLED","domain":"googleapis.com","metadata":{"serviceTitle":"Compute Engine API","activationUrl":"https://console.developers.google.com/apis/api/compute.googleapis.com/overview?project=300860465249","consumer":"projects/300860465249","containerInfo":"300860465249","service":"compute.googleapis.com"}},{"@type":"type.googleapis.com/google.rpc.LocalizedMessage","locale":"en-US","message":"Compute Engine API has not been used in project 300860465249 before or it is disabled. Enable it by visiting https://console.developers.google.com/apis/api/compute.googleapis.com/overview?project=300860465249 then retry. If you enabled this API recently, wait a few minutes for the action to propagate to our systems and retry."},{"@type":"type.googleapis.com/google.rpc.Help","links":[{"description":"Google developers console API activation","url":"https://console.developers.google.com/apis/api/compute.googleapis.com/overview?project=300860465249"}]}]}},"response":{"statusCode":403}},"exit":1,"message":"Request to https://compute.googleapis.com/compute/v1/projects/300860465249 had HTTP Error: 403, Compute Engine API has not been used in project 300860465249 before or it is disabled. Enable it by visiting https://console.developers.google.com/apis/api/compute.googleapis.com/overview?project=300860465249 then retry. If you enabled this API recently, wait a few minutes for the action to propagate to our systems and retry.","status":403}
[debug] [2026-07-23T14:36:42.477Z] Checked if tokens are valid: true, expires at: 1784820731661
[debug] [2026-07-23T14:36:42.477Z] Checked if tokens are valid: true, expires at: 1784820731661
[debug] [2026-07-23T14:36:42.477Z] >>> [apiv2][query] GET https://compute.googleapis.com/compute/v1/projects/300860465249 [none]
[debug] [2026-07-23T14:36:43.042Z] <<< [apiv2][status] GET https://compute.googleapis.com/compute/v1/projects/300860465249 403
[debug] [2026-07-23T14:36:43.042Z] <<< [apiv2][body] GET https://compute.googleapis.com/compute/v1/projects/300860465249 {"error":{"code":403,"message":"Compute Engine API has not been used in project 300860465249 before or it is disabled. Enable it by visiting https://console.developers.google.com/apis/api/compute.googleapis.com/overview?project=300860465249 then retry. If you enabled this API recently, wait a few minutes for the action to propagate to our systems and retry.","errors":[{"message":"Compute Engine API has not been used in project 300860465249 before or it is disabled. Enable it by visiting https://console.developers.google.com/apis/api/compute.googleapis.com/overview?project=300860465249 then retry. If you enabled this API recently, wait a few minutes for the action to propagate to our systems and retry.","domain":"usageLimits","reason":"accessNotConfigured","extendedHelp":"https://console.developers.google.com"}],"status":"PERMISSION_DENIED","details":[{"@type":"type.googleapis.com/google.rpc.ErrorInfo","reason":"SERVICE_DISABLED","domain":"googleapis.com","metadata":{"activationUrl":"https://console.developers.google.com/apis/api/compute.googleapis.com/overview?project=300860465249","service":"compute.googleapis.com","serviceTitle":"Compute Engine API","containerInfo":"300860465249","consumer":"projects/300860465249"}},{"@type":"type.googleapis.com/google.rpc.LocalizedMessage","locale":"en-US","message":"Compute Engine API has not been used in project 300860465249 before or it is disabled. Enable it by visiting https://console.developers.google.com/apis/api/compute.googleapis.com/overview?project=300860465249 then retry. If you enabled this API recently, wait a few minutes for the action to propagate to our systems and retry."},{"@type":"type.googleapis.com/google.rpc.Help","links":[{"description":"Google developers console API activation","url":"https://console.developers.google.com/apis/api/compute.googleapis.com/overview?project=300860465249"}]}]}}
[debug] [2026-07-23T14:36:43.042Z] unable to look up default compute service account. Falling back to 300860465249-compute@developer.gserviceaccount.com. Error: {"name":"FirebaseError","children":[],"context":{"body":{"error":{"code":403,"message":"Compute Engine API has not been used in project 300860465249 before or it is disabled. Enable it by visiting https://console.developers.google.com/apis/api/compute.googleapis.com/overview?project=300860465249 then retry. If you enabled this API recently, wait a few minutes for the action to propagate to our systems and retry.","errors":[{"message":"Compute Engine API has not been used in project 300860465249 before or it is disabled. Enable it by visiting https://console.developers.google.com/apis/api/compute.googleapis.com/overview?project=300860465249 then retry. If you enabled this API recently, wait a few minutes for the action to propagate to our systems and retry.","domain":"usageLimits","reason":"accessNotConfigured","extendedHelp":"https://console.developers.google.com"}],"status":"PERMISSION_DENIED","details":[{"@type":"type.googleapis.com/google.rpc.ErrorInfo","reason":"SERVICE_DISABLED","domain":"googleapis.com","metadata":{"activationUrl":"https://console.developers.google.com/apis/api/compute.googleapis.com/overview?project=300860465249","service":"compute.googleapis.com","serviceTitle":"Compute Engine API","containerInfo":"300860465249","consumer":"projects/300860465249"}},{"@type":"type.googleapis.com/google.rpc.LocalizedMessage","locale":"en-US","message":"Compute Engine API has not been used in project 300860465249 before or it is disabled. Enable it by visiting https://console.developers.google.com/apis/api/compute.googleapis.com/overview?project=300860465249 then retry. If you enabled this API recently, wait a few minutes for the action to propagate to our systems and retry."},{"@type":"type.googleapis.com/google.rpc.Help","links":[{"description":"Google developers console API activation","url":"https://console.developers.google.com/apis/api/compute.googleapis.com/overview?project=300860465249"}]}]}},"response":{"statusCode":403}},"exit":1,"message":"Request to https://compute.googleapis.com/compute/v1/projects/300860465249 had HTTP Error: 403, Compute Engine API has not been used in project 300860465249 before or it is disabled. Enable it by visiting https://console.developers.google.com/apis/api/compute.googleapis.com/overview?project=300860465249 then retry. If you enabled this API recently, wait a few minutes for the action to propagate to our systems and retry.","status":403}
[debug] [2026-07-23T14:36:43.043Z] Checked if tokens are valid: true, expires at: 1784820731661
[debug] [2026-07-23T14:36:43.044Z] Checked if tokens are valid: true, expires at: 1784820731661
[debug] [2026-07-23T14:36:43.044Z] >>> [apiv2][query] GET https://compute.googleapis.com/compute/v1/projects/300860465249 [none]
[debug] [2026-07-23T14:36:43.776Z] <<< [apiv2][status] GET https://compute.googleapis.com/compute/v1/projects/300860465249 403
[debug] [2026-07-23T14:36:43.776Z] <<< [apiv2][body] GET https://compute.googleapis.com/compute/v1/projects/300860465249 {"error":{"code":403,"message":"Compute Engine API has not been used in project 300860465249 before or it is disabled. Enable it by visiting https://console.developers.google.com/apis/api/compute.googleapis.com/overview?project=300860465249 then retry. If you enabled this API recently, wait a few minutes for the action to propagate to our systems and retry.","errors":[{"message":"Compute Engine API has not been used in project 300860465249 before or it is disabled. Enable it by visiting https://console.developers.google.com/apis/api/compute.googleapis.com/overview?project=300860465249 then retry. If you enabled this API recently, wait a few minutes for the action to propagate to our systems and retry.","domain":"usageLimits","reason":"accessNotConfigured","extendedHelp":"https://console.developers.google.com"}],"status":"PERMISSION_DENIED","details":[{"@type":"type.googleapis.com/google.rpc.ErrorInfo","reason":"SERVICE_DISABLED","domain":"googleapis.com","metadata":{"activationUrl":"https://console.developers.google.com/apis/api/compute.googleapis.com/overview?project=300860465249","serviceTitle":"Compute Engine API","service":"compute.googleapis.com","consumer":"projects/300860465249","containerInfo":"300860465249"}},{"@type":"type.googleapis.com/google.rpc.LocalizedMessage","locale":"en-US","message":"Compute Engine API has not been used in project 300860465249 before or it is disabled. Enable it by visiting https://console.developers.google.com/apis/api/compute.googleapis.com/overview?project=300860465249 then retry. If you enabled this API recently, wait a few minutes for the action to propagate to our systems and retry."},{"@type":"type.googleapis.com/google.rpc.Help","links":[{"description":"Google developers console API activation","url":"https://console.developers.google.com/apis/api/compute.googleapis.com/overview?project=300860465249"}]}]}}
[debug] [2026-07-23T14:36:43.776Z] unable to look up default compute service account. Falling back to 300860465249-compute@developer.gserviceaccount.com. Error: {"name":"FirebaseError","children":[],"context":{"body":{"error":{"code":403,"message":"Compute Engine API has not been used in project 300860465249 before or it is disabled. Enable it by visiting https://console.developers.google.com/apis/api/compute.googleapis.com/overview?project=300860465249 then retry. If you enabled this API recently, wait a few minutes for the action to propagate to our systems and retry.","errors":[{"message":"Compute Engine API has not been used in project 300860465249 before or it is disabled. Enable it by visiting https://console.developers.google.com/apis/api/compute.googleapis.com/overview?project=300860465249 then retry. If you enabled this API recently, wait a few minutes for the action to propagate to our systems and retry.","domain":"usageLimits","reason":"accessNotConfigured","extendedHelp":"https://console.developers.google.com"}],"status":"PERMISSION_DENIED","details":[{"@type":"type.googleapis.com/google.rpc.ErrorInfo","reason":"SERVICE_DISABLED","domain":"googleapis.com","metadata":{"activationUrl":"https://console.developers.google.com/apis/api/compute.googleapis.com/overview?project=300860465249","serviceTitle":"Compute Engine API","service":"compute.googleapis.com","consumer":"projects/300860465249","containerInfo":"300860465249"}},{"@type":"type.googleapis.com/google.rpc.LocalizedMessage","locale":"en-US","message":"Compute Engine API has not been used in project 300860465249 before or it is disabled. Enable it by visiting https://console.developers.google.com/apis/api/compute.googleapis.com/overview?project=300860465249 then retry. If you enabled this API recently, wait a few minutes for the action to propagate to our systems and retry."},{"@type":"type.googleapis.com/google.rpc.Help","links":[{"description":"Google developers console API activation","url":"https://console.developers.google.com/apis/api/compute.googleapis.com/overview?project=300860465249"}]}]}},"response":{"statusCode":403}},"exit":1,"message":"Request to https://compute.googleapis.com/compute/v1/projects/300860465249 had HTTP Error: 403, Compute Engine API has not been used in project 300860465249 before or it is disabled. Enable it by visiting https://console.developers.google.com/apis/api/compute.googleapis.com/overview?project=300860465249 then retry. If you enabled this API recently, wait a few minutes for the action to propagate to our systems and retry.","status":403}
[info] i  functions: Skipping the deploy of unchanged functions. 
[info] +  functions[auto_sync_to_dashboard(us-central1)] Skipped (No changes detected) 
[info] +  functions[check_expired_subscriptions(us-central1)] Skipped (No changes detected) 
[info] +  functions[create_dashboard_user(us-central1)] Skipped (No changes detected) 
[info] +  functions[create_subscription(us-central1)] Skipped (No changes detected) 
[info] +  functions[deduplicate_athlete_measurements(us-central1)] Skipped (No changes detected) 
[info] +  functions[delete_dashboard_user(us-central1)] Skipped (No changes detected) 
[info] +  functions[force_sync_athlete(us-central1)] Skipped (No changes detected) 
[info] +  functions[list_dashboard_users(us-central1)] Skipped (No changes detected) 
[info] +  functions[manual_register(us-central1)] Skipped (No changes detected) 
[info] +  functions[process_gps_csv(us-central1)] Skipped (No changes detected) 
[info] +  functions[sync_athlete_history(us-central1)] Skipped (No changes detected) 
[info] +  functions[update_dashboard_user_team(us-central1)] Skipped (No changes detected) 
[info] +  functions[update_subscription_status(us-central1)] Skipped (No changes detected) 
[debug] [2026-07-23T14:36:43.787Z] Total Function Deployment time: 1
[debug] [2026-07-23T14:36:43.788Z] 0 Functions Deployed
[debug] [2026-07-23T14:36:43.788Z] 0 Functions Errored
[debug] [2026-07-23T14:36:43.788Z] 0 Function Deployments Aborted
[debug] [2026-07-23T14:36:43.788Z] Average Function Deployment time: NaN
[debug] [2026-07-23T14:36:53.535Z] Checked if tokens are valid: true, expires at: 1784820731661
[debug] [2026-07-23T14:36:53.535Z] Checked if tokens are valid: true, expires at: 1784820731661
[debug] [2026-07-23T14:36:53.535Z] >>> [apiv2][query] GET https://artifactregistry.googleapis.com/v1/projects/app-imed-sport/locations/us-central1/repositories/gcf-artifacts [none]
[debug] [2026-07-23T14:36:54.661Z] <<< [apiv2][status] GET https://artifactregistry.googleapis.com/v1/projects/app-imed-sport/locations/us-central1/repositories/gcf-artifacts 200
[debug] [2026-07-23T14:36:54.662Z] <<< [apiv2][body] GET https://artifactregistry.googleapis.com/v1/projects/app-imed-sport/locations/us-central1/repositories/gcf-artifacts {"name":"projects/app-imed-sport/locations/us-central1/repositories/gcf-artifacts","format":"DOCKER","description":"This repository is created and used by Cloud Functions for storing function docker images.","labels":{"goog-managed-by":"cloudfunctions"},"createTime":"2026-05-09T16:29:41.542957Z","updateTime":"2026-07-23T03:51:13.926635Z","mode":"STANDARD_REPOSITORY","cleanupPolicies":{"firebase-functions-cleanup":{"id":"firebase-functions-cleanup","action":"DELETE","condition":{"tagState":"ANY","olderThan":"86400s"}}},"sizeBytes":"130113051","vulnerabilityScanningConfig":{"lastEnableTime":"2026-05-09T16:29:33.077958581Z","enablementState":"SCANNING_DISABLED","enablementStateReason":"API containerscanning.googleapis.com is not enabled."},"satisfiesPzi":true,"registryUri":"us-central1-docker.pkg.dev/app-imed-sport/gcf-artifacts"}
[info] 
[info] +  Deploy complete! 
[info] 
[info] Project Console: https://console.firebase.google.com/project/app-imed-sport/overview
[debug] [2026-07-23T15:39:52.354Z] ----------------------------------------------------------------------
[debug] [2026-07-23T15:39:52.356Z] Command:       C:\Program Files\nodejs\node.exe C:\Users\Pato\AppData\Roaming\npm\node_modules\firebase-tools\lib\bin\firebase.js deploy --only hosting
[debug] [2026-07-23T15:39:52.357Z] CLI Version:   15.1.0
[debug] [2026-07-23T15:39:52.357Z] Platform:      win32
[debug] [2026-07-23T15:39:52.357Z] Node Version:  v24.12.0
[debug] [2026-07-23T15:39:52.357Z] Time:          Thu Jul 23 2026 11:39:52 GMT-0400 (hora estándar de Chile)
[debug] [2026-07-23T15:39:52.357Z] ----------------------------------------------------------------------
[debug] 
[debug] [2026-07-23T15:39:54.419Z] > command requires scopes: ["email","openid","https://www.googleapis.com/auth/cloudplatformprojects.readonly","https://www.googleapis.com/auth/firebase","https://www.googleapis.com/auth/cloud-platform"]
[debug] [2026-07-23T15:39:54.419Z] > authorizing via signed-in user (ps.patriciorubilar@gmail.com)
[debug] [2026-07-23T15:39:54.419Z] [iam] checking project app-imed-sport for permissions ["firebase.projects.get","firebasehosting.sites.update"]
[debug] [2026-07-23T15:39:54.420Z] Checked if tokens are valid: false, expires at: 1784820731661
[debug] [2026-07-23T15:39:54.421Z] Checked if tokens are valid: false, expires at: 1784820731661
[debug] [2026-07-23T15:39:54.421Z] > refreshing access token with scopes: []
[debug] [2026-07-23T15:39:54.424Z] >>> [apiv2][query] POST https://www.googleapis.com/oauth2/v3/token [none]
[debug] [2026-07-23T15:39:54.424Z] >>> [apiv2][body] POST https://www.googleapis.com/oauth2/v3/token [omitted]
[debug] [2026-07-23T15:39:58.666Z] <<< [apiv2][status] POST https://www.googleapis.com/oauth2/v3/token 200
[debug] [2026-07-23T15:39:58.666Z] <<< [apiv2][body] POST https://www.googleapis.com/oauth2/v3/token [omitted]
[debug] [2026-07-23T15:39:58.682Z] >>> [apiv2][query] POST https://cloudresourcemanager.googleapis.com/v1/projects/app-imed-sport:testIamPermissions [none]
[debug] [2026-07-23T15:39:58.682Z] >>> [apiv2][(partial)header] POST https://cloudresourcemanager.googleapis.com/v1/projects/app-imed-sport:testIamPermissions x-goog-quota-user=projects/app-imed-sport
[debug] [2026-07-23T15:39:58.682Z] >>> [apiv2][body] POST https://cloudresourcemanager.googleapis.com/v1/projects/app-imed-sport:testIamPermissions {"permissions":["firebase.projects.get","firebasehosting.sites.update"]}
[debug] [2026-07-23T15:39:59.990Z] <<< [apiv2][status] POST https://cloudresourcemanager.googleapis.com/v1/projects/app-imed-sport:testIamPermissions 200
[debug] [2026-07-23T15:39:59.990Z] <<< [apiv2][body] POST https://cloudresourcemanager.googleapis.com/v1/projects/app-imed-sport:testIamPermissions {"permissions":["firebase.projects.get","firebasehosting.sites.update"]}
[debug] [2026-07-23T15:39:59.991Z] Checked if tokens are valid: true, expires at: 1784824797666
[debug] [2026-07-23T15:39:59.991Z] Checked if tokens are valid: true, expires at: 1784824797666
[debug] [2026-07-23T15:39:59.991Z] >>> [apiv2][query] GET https://firebase.googleapis.com/v1beta1/projects/app-imed-sport [none]
[debug] [2026-07-23T15:40:01.160Z] <<< [apiv2][status] GET https://firebase.googleapis.com/v1beta1/projects/app-imed-sport 200
[debug] [2026-07-23T15:40:01.161Z] <<< [apiv2][body] GET https://firebase.googleapis.com/v1beta1/projects/app-imed-sport {"projectId":"app-imed-sport","projectNumber":"300860465249","displayName":"app imed sport","name":"projects/app-imed-sport","resources":{"hostingSite":"app-imed-sport"},"state":"ACTIVE","labels":{"firebase":"enabled","firebase/storage-default-bucket":"created"},"etag":"1_e3d84490-3db2-4aee-a2fa-a0af3b50e3b5"}
[info] 
[info] === Deploying to 'app-imed-sport'...
[info] 
[info] i  deploying hosting 
[debug] [2026-07-23T15:40:01.165Z] Checked if tokens are valid: true, expires at: 1784824797666
[debug] [2026-07-23T15:40:01.166Z] Checked if tokens are valid: true, expires at: 1784824797666
[debug] [2026-07-23T15:40:01.166Z] >>> [apiv2][query] POST https://firebasehosting.googleapis.com/v1beta1/projects/-/sites/app-imed-sport/versions [none]
[debug] [2026-07-23T15:40:01.166Z] >>> [apiv2][body] POST https://firebasehosting.googleapis.com/v1beta1/projects/-/sites/app-imed-sport/versions {"status":"CREATED","labels":{"deployment-tool":"cli-firebase"}}
[debug] [2026-07-23T15:40:04.152Z] <<< [apiv2][status] POST https://firebasehosting.googleapis.com/v1beta1/projects/-/sites/app-imed-sport/versions 200
[debug] [2026-07-23T15:40:04.152Z] <<< [apiv2][body] POST https://firebasehosting.googleapis.com/v1beta1/projects/-/sites/app-imed-sport/versions {"name":"projects/300860465249/sites/app-imed-sport/versions/da2ef13a76bcbc35","status":"CREATED","config":{},"labels":{"deployment-tool":"cli-firebase"}}
[info] i  hosting[app-imed-sport]: beginning deploy... 
[info] i  hosting[app-imed-sport]: found 9 files in public 
[debug] [2026-07-23T15:40:04.166Z] [hosting] uploading with 200 concurrency
[debug] [2026-07-23T15:40:04.189Z] Checked if tokens are valid: true, expires at: 1784824797666
[debug] [2026-07-23T15:40:04.190Z] Checked if tokens are valid: true, expires at: 1784824797666
[debug] [2026-07-23T15:40:04.190Z] [hosting] hash cache [cHVibGlj] stored for 9 files
[debug] [2026-07-23T15:40:04.191Z] [hosting][hash queue][FINAL] {"max":8,"min":1,"avg":2.2222222222222223,"active":0,"complete":9,"success":9,"errored":0,"retried":0,"total":9,"elapsed":13}
[debug] [2026-07-23T15:40:04.191Z] >>> [apiv2][query] POST https://firebasehosting.googleapis.com/v1beta1/projects/300860465249/sites/app-imed-sport/versions/da2ef13a76bcbc35:populateFiles [none]
[debug] [2026-07-23T15:40:04.191Z] >>> [apiv2][body] POST https://firebasehosting.googleapis.com/v1beta1/projects/300860465249/sites/app-imed-sport/versions/da2ef13a76bcbc35:populateFiles {"files":{"/v411_test.txt":"6f44fb453716c268fbd5702ce97bef454fcaae594650d865b2a546669837cbd2","/login.css":"cf801fc706c4b4df2aa33b2c177cf8be40a360ab49b91f135e7208f63b96c5ae","/index.html":"2caecbaa2b5759a16a3e99fcfa389035261bb660b0133dcbfff3ec96da00f6d7","/gps_brands.js":"1ef2af7263a42480ee9bceba282106ceab0c3046e842b7a0690d8a9445352389","/demo_capital_semilla.js":"6979db8a32ea490804996ffec694c3ecd43aa967d79f55833794748981e3f95e","/auth.js":"f51d6d52d98610fdce28e47f5f3e806bb7421cb9d4e99bd9f5bbf7c23cf0748e","/app_v411_final.js.bak":"f993ff7307ad06cce066bd29510d868bae910dadc870a715e3b703ade8b9918f","/style.css":"72329dfe15700424678bddd14ef7c4e7b99553ad530fa0b432f1c641842bffdf","/app_v411_final.js":"a3d7b8c79f375fdea5734c681a8cb798879c1721285c0cc2274b2c2c796b66b0"}}
[debug] [2026-07-23T15:40:05.869Z] <<< [apiv2][status] POST https://firebasehosting.googleapis.com/v1beta1/projects/300860465249/sites/app-imed-sport/versions/da2ef13a76bcbc35:populateFiles 200
[debug] [2026-07-23T15:40:05.869Z] <<< [apiv2][body] POST https://firebasehosting.googleapis.com/v1beta1/projects/300860465249/sites/app-imed-sport/versions/da2ef13a76bcbc35:populateFiles {"uploadRequiredHashes":["a3d7b8c79f375fdea5734c681a8cb798879c1721285c0cc2274b2c2c796b66b0","72329dfe15700424678bddd14ef7c4e7b99553ad530fa0b432f1c641842bffdf"],"uploadUrl":"https://upload-firebasehosting.googleapis.com/upload/sites/app-imed-sport/versions/da2ef13a76bcbc35/files"}
[debug] [2026-07-23T15:40:05.870Z] Checked if tokens are valid: true, expires at: 1784824797666
[debug] [2026-07-23T15:40:05.870Z] Checked if tokens are valid: true, expires at: 1784824797666
[debug] [2026-07-23T15:40:05.870Z] Checked if tokens are valid: true, expires at: 1784824797666
[debug] [2026-07-23T15:40:05.870Z] Checked if tokens are valid: true, expires at: 1784824797666
[debug] [2026-07-23T15:40:05.870Z] >>> [apiv2][query] POST https://upload-firebasehosting.googleapis.com/upload/sites/app-imed-sport/versions/da2ef13a76bcbc35/files/a3d7b8c79f375fdea5734c681a8cb798879c1721285c0cc2274b2c2c796b66b0 [none]
[debug] [2026-07-23T15:40:05.870Z] >>> [apiv2][body] POST https://upload-firebasehosting.googleapis.com/upload/sites/app-imed-sport/versions/da2ef13a76bcbc35/files/a3d7b8c79f375fdea5734c681a8cb798879c1721285c0cc2274b2c2c796b66b0 [stream]
[debug] [2026-07-23T15:40:05.871Z] >>> [apiv2][query] POST https://upload-firebasehosting.googleapis.com/upload/sites/app-imed-sport/versions/da2ef13a76bcbc35/files/72329dfe15700424678bddd14ef7c4e7b99553ad530fa0b432f1c641842bffdf [none]
[debug] [2026-07-23T15:40:05.871Z] >>> [apiv2][body] POST https://upload-firebasehosting.googleapis.com/upload/sites/app-imed-sport/versions/da2ef13a76bcbc35/files/72329dfe15700424678bddd14ef7c4e7b99553ad530fa0b432f1c641842bffdf [stream]
[debug] [2026-07-23T15:40:05.872Z] [hosting][populate queue][FINAL] {"max":1681,"min":1681,"avg":1681,"active":0,"complete":1,"success":1,"errored":0,"retried":0,"total":1,"elapsed":1683}
[debug] [2026-07-23T15:40:05.873Z] [hosting] uploads queued: 2
[info] i  hosting: uploading new files [0/2] (0%) 
[info] i  hosting: uploading new files [0/2] (0%) 
[debug] [2026-07-23T15:40:08.464Z] <<< [apiv2][status] POST https://upload-firebasehosting.googleapis.com/upload/sites/app-imed-sport/versions/da2ef13a76bcbc35/files/72329dfe15700424678bddd14ef7c4e7b99553ad530fa0b432f1c641842bffdf 200
[debug] [2026-07-23T15:40:08.464Z] <<< [apiv2][body] POST https://upload-firebasehosting.googleapis.com/upload/sites/app-imed-sport/versions/da2ef13a76bcbc35/files/72329dfe15700424678bddd14ef7c4e7b99553ad530fa0b432f1c641842bffdf [stream]
[debug] [2026-07-23T15:40:08.583Z] <<< [apiv2][status] POST https://upload-firebasehosting.googleapis.com/upload/sites/app-imed-sport/versions/da2ef13a76bcbc35/files/a3d7b8c79f375fdea5734c681a8cb798879c1721285c0cc2274b2c2c796b66b0 200
[debug] [2026-07-23T15:40:08.584Z] <<< [apiv2][body] POST https://upload-firebasehosting.googleapis.com/upload/sites/app-imed-sport/versions/da2ef13a76bcbc35/files/a3d7b8c79f375fdea5734c681a8cb798879c1721285c0cc2274b2c2c796b66b0 [stream]
[debug] [2026-07-23T15:40:08.584Z] [hosting][upload queue][FINAL] {"max":2714,"min":2594,"avg":2654,"active":0,"complete":2,"success":2,"errored":0,"retried":0,"total":2,"elapsed":2714}
[info] i  hosting: upload complete 
[info] +  hosting[app-imed-sport]: file upload complete 
[debug] [2026-07-23T15:40:08.584Z] [hosting] deploy completed after 4430ms
[debug] [2026-07-23T15:40:08.585Z] [
  {
    "config": {
      "public": "public",
      "ignore": [
        "firebase.json",
        "**/.*",
        "**/node_modules/**"
      ],
      "rewrites": [
        {
          "source": "**",
          "destination": "/index.html"
        }
      ],
      "site": "app-imed-sport"
    },
    "version": "projects/300860465249/sites/app-imed-sport/versions/da2ef13a76bcbc35"
  }
]
[info] i  hosting[app-imed-sport]: finalizing version... 
[debug] [2026-07-23T15:40:08.587Z] Checked if tokens are valid: true, expires at: 1784824797666
[debug] [2026-07-23T15:40:08.587Z] Checked if tokens are valid: true, expires at: 1784824797666
[debug] [2026-07-23T15:40:08.587Z] >>> [apiv2][query] PATCH https://firebasehosting.googleapis.com/v1beta1/projects/-/sites/app-imed-sport/versions/da2ef13a76bcbc35 updateMask=status%2Cconfig
[debug] [2026-07-23T15:40:08.587Z] >>> [apiv2][body] PATCH https://firebasehosting.googleapis.com/v1beta1/projects/-/sites/app-imed-sport/versions/da2ef13a76bcbc35 {"status":"FINALIZED","config":{"rewrites":[{"glob":"**","path":"/index.html"}]}}
[debug] [2026-07-23T15:40:09.262Z] <<< [apiv2][status] PATCH https://firebasehosting.googleapis.com/v1beta1/projects/-/sites/app-imed-sport/versions/da2ef13a76bcbc35 200
[debug] [2026-07-23T15:40:09.262Z] <<< [apiv2][body] PATCH https://firebasehosting.googleapis.com/v1beta1/projects/-/sites/app-imed-sport/versions/da2ef13a76bcbc35 {"name":"projects/300860465249/sites/app-imed-sport/versions/da2ef13a76bcbc35","status":"FINALIZED","config":{"rewrites":[{"glob":"**","path":"/index.html"}]},"labels":{"deployment-tool":"cli-firebase"},"createTime":"2026-07-23T15:40:01.755730Z","createUser":{"email":"ps.patriciorubilar@gmail.com"},"finalizeTime":"2026-07-23T15:40:07.637456Z","finalizeUser":{"email":"ps.patriciorubilar@gmail.com"}}
[debug] [2026-07-23T15:40:09.262Z] [hosting] finalized version for app-imed-sport:[object Object]
[info] +  hosting[app-imed-sport]: version finalized 
[info] i  hosting[app-imed-sport]: releasing new version... 
[debug] [2026-07-23T15:40:09.262Z] Checked if tokens are valid: true, expires at: 1784824797666
[debug] [2026-07-23T15:40:09.262Z] Checked if tokens are valid: true, expires at: 1784824797666
[debug] [2026-07-23T15:40:09.263Z] >>> [apiv2][query] POST https://firebasehosting.googleapis.com/v1beta1/projects/-/sites/app-imed-sport/channels/live/releases versionName=projects%2F300860465249%2Fsites%2Fapp-imed-sport%2Fversions%2Fda2ef13a76bcbc35
[debug] [2026-07-23T15:40:09.263Z] >>> [apiv2][body] POST https://firebasehosting.googleapis.com/v1beta1/projects/-/sites/app-imed-sport/channels/live/releases {}
[debug] [2026-07-23T15:40:13.615Z] <<< [apiv2][status] POST https://firebasehosting.googleapis.com/v1beta1/projects/-/sites/app-imed-sport/channels/live/releases 200
[debug] [2026-07-23T15:40:13.615Z] <<< [apiv2][body] POST https://firebasehosting.googleapis.com/v1beta1/projects/-/sites/app-imed-sport/channels/live/releases {"name":"projects/300860465249/sites/app-imed-sport/channels/live/releases/1784821211332000","version":{"name":"projects/300860465249/sites/app-imed-sport/versions/da2ef13a76bcbc35","status":"FINALIZED","config":{"rewrites":[{"glob":"**","path":"/index.html"}]},"labels":{"deployment-tool":"cli-firebase"},"createTime":"2026-07-23T15:40:01.755730Z","createUser":{"email":"ps.patriciorubilar@gmail.com","imageUrl":"https://lh3.googleusercontent.com/a/ACg8ocIBwL3IavuDdbzaU6oHx5VdU-SQBt2H7ZPBWj07b15hPugC6g=mo"},"finalizeTime":"2026-07-23T15:40:07.637456Z","finalizeUser":{"email":"ps.patriciorubilar@gmail.com","imageUrl":"https://lh3.googleusercontent.com/a/ACg8ocIBwL3IavuDdbzaU6oHx5VdU-SQBt2H7ZPBWj07b15hPugC6g=mo"}},"type":"DEPLOY","releaseTime":"2026-07-23T15:40:11.332Z","releaseUser":{"email":"ps.patriciorubilar@gmail.com","imageUrl":"https://lh3.googleusercontent.com/a/ACg8ocIBwL3IavuDdbzaU6oHx5VdU-SQBt2H7ZPBWj07b15hPugC6g=mo"}}
[debug] [2026-07-23T15:40:13.615Z] [hosting] release: {"name":"projects/300860465249/sites/app-imed-sport/channels/live/releases/1784821211332000","version":{"name":"projects/300860465249/sites/app-imed-sport/versions/da2ef13a76bcbc35","status":"FINALIZED","config":{"rewrites":[{"glob":"**","path":"/index.html"}]},"labels":{"deployment-tool":"cli-firebase"},"createTime":"2026-07-23T15:40:01.755730Z","createUser":{"email":"ps.patriciorubilar@gmail.com","imageUrl":"https://lh3.googleusercontent.com/a/ACg8ocIBwL3IavuDdbzaU6oHx5VdU-SQBt2H7ZPBWj07b15hPugC6g=mo"},"finalizeTime":"2026-07-23T15:40:07.637456Z","finalizeUser":{"email":"ps.patriciorubilar@gmail.com","imageUrl":"https://lh3.googleusercontent.com/a/ACg8ocIBwL3IavuDdbzaU6oHx5VdU-SQBt2H7ZPBWj07b15hPugC6g=mo"}},"type":"DEPLOY","releaseTime":"2026-07-23T15:40:11.332Z","releaseUser":{"email":"ps.patriciorubilar@gmail.com","imageUrl":"https://lh3.googleusercontent.com/a/ACg8ocIBwL3IavuDdbzaU6oHx5VdU-SQBt2H7ZPBWj07b15hPugC6g=mo"}}
[info] +  hosting[app-imed-sport]: release complete 
[info] 
[info] +  Deploy complete! 
[info] 
[info] Project Console: https://console.firebase.google.com/project/app-imed-sport/overview
[info] Hosting URL: https://app-imed-sport.web.app
[debug] [2026-07-23T15:40:23.636Z] Error: Timed out.
    at Timeout._onTimeout (C:\Users\Pato\AppData\Roaming\npm\node_modules\firebase-tools\lib\utils.js:275:49)
    at listOnTimeout (node:internal/timers:605:17)
    at process.processTimers (node:internal/timers:541:7)
[error] 
[error] Error: An unexpected error has occurred.
[debug] [2026-07-23T15:42:41.597Z] ----------------------------------------------------------------------
[debug] [2026-07-23T15:42:41.599Z] Command:       C:\Program Files\nodejs\node.exe C:\Users\Pato\AppData\Roaming\npm\node_modules\firebase-tools\lib\bin\firebase.js deploy --only hosting
[debug] [2026-07-23T15:42:41.600Z] CLI Version:   15.1.0
[debug] [2026-07-23T15:42:41.600Z] Platform:      win32
[debug] [2026-07-23T15:42:41.600Z] Node Version:  v24.12.0
[debug] [2026-07-23T15:42:41.600Z] Time:          Thu Jul 23 2026 11:42:41 GMT-0400 (hora estándar de Chile)
[debug] [2026-07-23T15:42:41.600Z] ----------------------------------------------------------------------
[debug] 
[debug] [2026-07-23T15:42:43.360Z] > command requires scopes: ["email","openid","https://www.googleapis.com/auth/cloudplatformprojects.readonly","https://www.googleapis.com/auth/firebase","https://www.googleapis.com/auth/cloud-platform"]
[debug] [2026-07-23T15:42:43.360Z] > authorizing via signed-in user (ps.patriciorubilar@gmail.com)
[debug] [2026-07-23T15:42:43.360Z] [iam] checking project app-imed-sport for permissions ["firebase.projects.get","firebasehosting.sites.update"]
[debug] [2026-07-23T15:42:43.361Z] Checked if tokens are valid: true, expires at: 1784824797666
[debug] [2026-07-23T15:42:43.361Z] Checked if tokens are valid: true, expires at: 1784824797666
[debug] [2026-07-23T15:42:43.362Z] >>> [apiv2][query] POST https://cloudresourcemanager.googleapis.com/v1/projects/app-imed-sport:testIamPermissions [none]
[debug] [2026-07-23T15:42:43.362Z] >>> [apiv2][(partial)header] POST https://cloudresourcemanager.googleapis.com/v1/projects/app-imed-sport:testIamPermissions x-goog-quota-user=projects/app-imed-sport
[debug] [2026-07-23T15:42:43.362Z] >>> [apiv2][body] POST https://cloudresourcemanager.googleapis.com/v1/projects/app-imed-sport:testIamPermissions {"permissions":["firebase.projects.get","firebasehosting.sites.update"]}
[debug] [2026-07-23T15:42:44.280Z] <<< [apiv2][status] POST https://cloudresourcemanager.googleapis.com/v1/projects/app-imed-sport:testIamPermissions 200
[debug] [2026-07-23T15:42:44.281Z] <<< [apiv2][body] POST https://cloudresourcemanager.googleapis.com/v1/projects/app-imed-sport:testIamPermissions {"permissions":["firebase.projects.get","firebasehosting.sites.update"]}
[debug] [2026-07-23T15:42:44.281Z] Checked if tokens are valid: true, expires at: 1784824797666
[debug] [2026-07-23T15:42:44.282Z] Checked if tokens are valid: true, expires at: 1784824797666
[debug] [2026-07-23T15:42:44.282Z] >>> [apiv2][query] GET https://firebase.googleapis.com/v1beta1/projects/app-imed-sport [none]
[debug] [2026-07-23T15:42:44.644Z] <<< [apiv2][status] GET https://firebase.googleapis.com/v1beta1/projects/app-imed-sport 200
[debug] [2026-07-23T15:42:44.644Z] <<< [apiv2][body] GET https://firebase.googleapis.com/v1beta1/projects/app-imed-sport {"projectId":"app-imed-sport","projectNumber":"300860465249","displayName":"app imed sport","name":"projects/app-imed-sport","resources":{"hostingSite":"app-imed-sport"},"state":"ACTIVE","labels":{"firebase":"enabled","firebase/storage-default-bucket":"created"},"etag":"1_e3d84490-3db2-4aee-a2fa-a0af3b50e3b5"}
[info] 
[info] === Deploying to 'app-imed-sport'...
[info] 
[info] i  deploying hosting 
[debug] [2026-07-23T15:42:44.650Z] Checked if tokens are valid: true, expires at: 1784824797666
[debug] [2026-07-23T15:42:44.650Z] Checked if tokens are valid: true, expires at: 1784824797666
[debug] [2026-07-23T15:42:44.650Z] >>> [apiv2][query] POST https://firebasehosting.googleapis.com/v1beta1/projects/-/sites/app-imed-sport/versions [none]
[debug] [2026-07-23T15:42:44.650Z] >>> [apiv2][body] POST https://firebasehosting.googleapis.com/v1beta1/projects/-/sites/app-imed-sport/versions {"status":"CREATED","labels":{"deployment-tool":"cli-firebase"}}
[debug] [2026-07-23T15:42:46.483Z] <<< [apiv2][status] POST https://firebasehosting.googleapis.com/v1beta1/projects/-/sites/app-imed-sport/versions 200
[debug] [2026-07-23T15:42:46.483Z] <<< [apiv2][body] POST https://firebasehosting.googleapis.com/v1beta1/projects/-/sites/app-imed-sport/versions {"name":"projects/300860465249/sites/app-imed-sport/versions/9eb1fda7067d99cc","status":"CREATED","config":{},"labels":{"deployment-tool":"cli-firebase"}}
[info] i  hosting[app-imed-sport]: beginning deploy... 
[info] i  hosting[app-imed-sport]: found 9 files in public 
[debug] [2026-07-23T15:42:46.495Z] [hosting] uploading with 200 concurrency
[debug] [2026-07-23T15:42:46.503Z] Checked if tokens are valid: true, expires at: 1784824797666
[debug] [2026-07-23T15:42:46.503Z] Checked if tokens are valid: true, expires at: 1784824797666
[debug] [2026-07-23T15:42:46.504Z] [hosting] hash cache [cHVibGlj] stored for 9 files
[debug] [2026-07-23T15:42:46.505Z] [hosting][hash queue][FINAL] {"max":5,"min":0,"avg":0.5555555555555556,"active":0,"complete":9,"success":9,"errored":0,"retried":0,"total":9,"elapsed":8}
[debug] [2026-07-23T15:42:46.505Z] >>> [apiv2][query] POST https://firebasehosting.googleapis.com/v1beta1/projects/300860465249/sites/app-imed-sport/versions/9eb1fda7067d99cc:populateFiles [none]
[debug] [2026-07-23T15:42:46.505Z] >>> [apiv2][body] POST https://firebasehosting.googleapis.com/v1beta1/projects/300860465249/sites/app-imed-sport/versions/9eb1fda7067d99cc:populateFiles {"files":{"/v411_test.txt":"6f44fb453716c268fbd5702ce97bef454fcaae594650d865b2a546669837cbd2","/style.css":"72329dfe15700424678bddd14ef7c4e7b99553ad530fa0b432f1c641842bffdf","/login.css":"cf801fc706c4b4df2aa33b2c177cf8be40a360ab49b91f135e7208f63b96c5ae","/gps_brands.js":"1ef2af7263a42480ee9bceba282106ceab0c3046e842b7a0690d8a9445352389","/demo_capital_semilla.js":"6979db8a32ea490804996ffec694c3ecd43aa967d79f55833794748981e3f95e","/auth.js":"f51d6d52d98610fdce28e47f5f3e806bb7421cb9d4e99bd9f5bbf7c23cf0748e","/app_v411_final.js.bak":"f993ff7307ad06cce066bd29510d868bae910dadc870a715e3b703ade8b9918f","/app_v411_final.js":"a3d7b8c79f375fdea5734c681a8cb798879c1721285c0cc2274b2c2c796b66b0","/index.html":"3f74970e423b63029319b7bf835baf29d39e7f826253d40dc0ead78eec57a6c7"}}
[debug] [2026-07-23T15:42:48.290Z] <<< [apiv2][status] POST https://firebasehosting.googleapis.com/v1beta1/projects/300860465249/sites/app-imed-sport/versions/9eb1fda7067d99cc:populateFiles 200
[debug] [2026-07-23T15:42:48.290Z] <<< [apiv2][body] POST https://firebasehosting.googleapis.com/v1beta1/projects/300860465249/sites/app-imed-sport/versions/9eb1fda7067d99cc:populateFiles {"uploadRequiredHashes":["3f74970e423b63029319b7bf835baf29d39e7f826253d40dc0ead78eec57a6c7"],"uploadUrl":"https://upload-firebasehosting.googleapis.com/upload/sites/app-imed-sport/versions/9eb1fda7067d99cc/files"}
[debug] [2026-07-23T15:42:48.290Z] Checked if tokens are valid: true, expires at: 1784824797666
[debug] [2026-07-23T15:42:48.290Z] Checked if tokens are valid: true, expires at: 1784824797666
[debug] [2026-07-23T15:42:48.291Z] >>> [apiv2][query] POST https://upload-firebasehosting.googleapis.com/upload/sites/app-imed-sport/versions/9eb1fda7067d99cc/files/3f74970e423b63029319b7bf835baf29d39e7f826253d40dc0ead78eec57a6c7 [none]
[debug] [2026-07-23T15:42:48.291Z] >>> [apiv2][body] POST https://upload-firebasehosting.googleapis.com/upload/sites/app-imed-sport/versions/9eb1fda7067d99cc/files/3f74970e423b63029319b7bf835baf29d39e7f826253d40dc0ead78eec57a6c7 [stream]
[debug] [2026-07-23T15:42:48.292Z] [hosting][populate queue][FINAL] {"max":1788,"min":1788,"avg":1788,"active":0,"complete":1,"success":1,"errored":0,"retried":0,"total":1,"elapsed":1789}
[debug] [2026-07-23T15:42:48.292Z] [hosting] uploads queued: 1
[info] i  hosting: uploading new files [0/1] (0%) 
[info] i  hosting: uploading new files [0/1] (0%) 
[info] i  hosting: uploading new files [0/1] (0%) 
[info] i  hosting: uploading new files [0/1] (0%) 
[debug] [2026-07-23T15:42:54.936Z] <<< [apiv2][status] POST https://upload-firebasehosting.googleapis.com/upload/sites/app-imed-sport/versions/9eb1fda7067d99cc/files/3f74970e423b63029319b7bf835baf29d39e7f826253d40dc0ead78eec57a6c7 200
[debug] [2026-07-23T15:42:54.936Z] <<< [apiv2][body] POST https://upload-firebasehosting.googleapis.com/upload/sites/app-imed-sport/versions/9eb1fda7067d99cc/files/3f74970e423b63029319b7bf835baf29d39e7f826253d40dc0ead78eec57a6c7 [stream]
[debug] [2026-07-23T15:42:54.936Z] [hosting][upload queue][FINAL] {"max":6646,"min":6646,"avg":6646,"active":0,"complete":1,"success":1,"errored":0,"retried":0,"total":1,"elapsed":6646}
[info] i  hosting: upload complete 
[info] +  hosting[app-imed-sport]: file upload complete 
[debug] [2026-07-23T15:42:54.937Z] [hosting] deploy completed after 8451ms
[debug] [2026-07-23T15:42:54.937Z] [
  {
    "config": {
      "public": "public",
      "ignore": [
        "firebase.json",
        "**/.*",
        "**/node_modules/**"
      ],
      "rewrites": [
        {
          "source": "**",
          "destination": "/index.html"
        }
      ],
      "site": "app-imed-sport"
    },
    "version": "projects/300860465249/sites/app-imed-sport/versions/9eb1fda7067d99cc"
  }
]
[info] i  hosting[app-imed-sport]: finalizing version... 
[debug] [2026-07-23T15:42:54.939Z] Checked if tokens are valid: true, expires at: 1784824797666
[debug] [2026-07-23T15:42:54.939Z] Checked if tokens are valid: true, expires at: 1784824797666
[debug] [2026-07-23T15:42:54.939Z] >>> [apiv2][query] PATCH https://firebasehosting.googleapis.com/v1beta1/projects/-/sites/app-imed-sport/versions/9eb1fda7067d99cc updateMask=status%2Cconfig
[debug] [2026-07-23T15:42:54.939Z] >>> [apiv2][body] PATCH https://firebasehosting.googleapis.com/v1beta1/projects/-/sites/app-imed-sport/versions/9eb1fda7067d99cc {"status":"FINALIZED","config":{"rewrites":[{"glob":"**","path":"/index.html"}]}}
[debug] [2026-07-23T15:43:13.942Z] <<< [apiv2][status] PATCH https://firebasehosting.googleapis.com/v1beta1/projects/-/sites/app-imed-sport/versions/9eb1fda7067d99cc 200
[debug] [2026-07-23T15:43:13.942Z] <<< [apiv2][body] PATCH https://firebasehosting.googleapis.com/v1beta1/projects/-/sites/app-imed-sport/versions/9eb1fda7067d99cc {"name":"projects/300860465249/sites/app-imed-sport/versions/9eb1fda7067d99cc","status":"FINALIZED","config":{"rewrites":[{"glob":"**","path":"/index.html"}]},"labels":{"deployment-tool":"cli-firebase"},"createTime":"2026-07-23T15:42:44.313758Z","createUser":{"email":"ps.patriciorubilar@gmail.com"},"finalizeTime":"2026-07-23T15:43:12.300166Z","finalizeUser":{"email":"ps.patriciorubilar@gmail.com"}}
[debug] [2026-07-23T15:43:13.942Z] [hosting] finalized version for app-imed-sport:[object Object]
[info] +  hosting[app-imed-sport]: version finalized 
[info] i  hosting[app-imed-sport]: releasing new version... 
[debug] [2026-07-23T15:43:13.943Z] Checked if tokens are valid: true, expires at: 1784824797666
[debug] [2026-07-23T15:43:13.943Z] Checked if tokens are valid: true, expires at: 1784824797666
[debug] [2026-07-23T15:43:13.943Z] >>> [apiv2][query] POST https://firebasehosting.googleapis.com/v1beta1/projects/-/sites/app-imed-sport/channels/live/releases versionName=projects%2F300860465249%2Fsites%2Fapp-imed-sport%2Fversions%2F9eb1fda7067d99cc
[debug] [2026-07-23T15:43:13.943Z] >>> [apiv2][body] POST https://firebasehosting.googleapis.com/v1beta1/projects/-/sites/app-imed-sport/channels/live/releases {}
[debug] [2026-07-23T15:43:22.125Z] <<< [apiv2][status] POST https://firebasehosting.googleapis.com/v1beta1/projects/-/sites/app-imed-sport/channels/live/releases 200
[debug] [2026-07-23T15:43:22.125Z] <<< [apiv2][body] POST https://firebasehosting.googleapis.com/v1beta1/projects/-/sites/app-imed-sport/channels/live/releases {"name":"projects/300860465249/sites/app-imed-sport/channels/live/releases/1784821399829000","version":{"name":"projects/300860465249/sites/app-imed-sport/versions/9eb1fda7067d99cc","status":"FINALIZED","config":{"rewrites":[{"glob":"**","path":"/index.html"}]},"labels":{"deployment-tool":"cli-firebase"},"createTime":"2026-07-23T15:42:44.313758Z","createUser":{"email":"ps.patriciorubilar@gmail.com","imageUrl":"https://lh3.googleusercontent.com/a/ACg8ocIBwL3IavuDdbzaU6oHx5VdU-SQBt2H7ZPBWj07b15hPugC6g=mo"},"finalizeTime":"2026-07-23T15:43:12.300166Z","finalizeUser":{"email":"ps.patriciorubilar@gmail.com","imageUrl":"https://lh3.googleusercontent.com/a/ACg8ocIBwL3IavuDdbzaU6oHx5VdU-SQBt2H7ZPBWj07b15hPugC6g=mo"}},"type":"DEPLOY","releaseTime":"2026-07-23T15:43:19.829Z","releaseUser":{"email":"ps.patriciorubilar@gmail.com","imageUrl":"https://lh3.googleusercontent.com/a/ACg8ocIBwL3IavuDdbzaU6oHx5VdU-SQBt2H7ZPBWj07b15hPugC6g=mo"}}
[debug] [2026-07-23T15:43:22.125Z] [hosting] release: {"name":"projects/300860465249/sites/app-imed-sport/channels/live/releases/1784821399829000","version":{"name":"projects/300860465249/sites/app-imed-sport/versions/9eb1fda7067d99cc","status":"FINALIZED","config":{"rewrites":[{"glob":"**","path":"/index.html"}]},"labels":{"deployment-tool":"cli-firebase"},"createTime":"2026-07-23T15:42:44.313758Z","createUser":{"email":"ps.patriciorubilar@gmail.com","imageUrl":"https://lh3.googleusercontent.com/a/ACg8ocIBwL3IavuDdbzaU6oHx5VdU-SQBt2H7ZPBWj07b15hPugC6g=mo"},"finalizeTime":"2026-07-23T15:43:12.300166Z","finalizeUser":{"email":"ps.patriciorubilar@gmail.com","imageUrl":"https://lh3.googleusercontent.com/a/ACg8ocIBwL3IavuDdbzaU6oHx5VdU-SQBt2H7ZPBWj07b15hPugC6g=mo"}},"type":"DEPLOY","releaseTime":"2026-07-23T15:43:19.829Z","releaseUser":{"email":"ps.patriciorubilar@gmail.com","imageUrl":"https://lh3.googleusercontent.com/a/ACg8ocIBwL3IavuDdbzaU6oHx5VdU-SQBt2H7ZPBWj07b15hPugC6g=mo"}}
[info] +  hosting[app-imed-sport]: release complete 
[info] 
[info] +  Deploy complete! 
[info] 
[info] Project Console: https://console.firebase.google.com/project/app-imed-sport/overview
[info] Hosting URL: https://app-imed-sport.web.app
[debug] [2026-07-23T15:43:31.963Z] Error: Timed out.
    at Timeout._onTimeout (C:\Users\Pato\AppData\Roaming\npm\node_modules\firebase-tools\lib\utils.js:275:49)
    at listOnTimeout (node:internal/timers:605:17)
    at process.processTimers (node:internal/timers:541:7)
[error] 
[error] Error: An unexpected error has occurred.
